{
    "qfunc": "mcp",
    "backend_tag": "qblox_dummy_cluster",
    "data": [
        {
            "shots": "mcp",
            "opt_time": 11.433326721191406,
            "func_calls": 8,
            "acc": -3.504,
            "time_res": {
                "quantum_runtime": [
                    1.9812774658203125,
                    1.7712044715881348,
                    1.8164830207824707,
                    1.744825839996338,
                    1.8625361919403076,
                    1.8468608856201172,
                    1.7651495933532715,
                    1.8402373790740967
                ],
                "time_per_step": {
                    "total job time": 2.2905666828155518,
                    "schedule": 3.197120000000001,
                    "running": 0.022984743118286133,
                    "compile": 0.9460117816925049
                },
                "iterations": 8
            }
        },
        {
            "shots": "mcp",
            "opt_time": 11.515016317367554,
            "func_calls": 8,
            "acc": -3.438,
            "time_res": {
                "quantum_runtime": [
                    1.7793517112731934,
                    1.7421679496765137,
                    1.8889193534851074,
                    1.8598840236663818,
                    1.8566052913665771,
                    1.7876348495483398,
                    1.9252848625183105,
                    1.7813029289245605
                ],
                "time_per_step": {
                    "total job time": 2.297351121902466,
                    "schedule": 3.197120000000001,
                    "running": 0.025742292404174805,
                    "compile": 0.8489201068878174
                },
                "iterations": 8
            }
        },
        {
            "shots": "mcp",
            "opt_time": 11.6939058303833,
            "func_calls": 8,
            "acc": -3.492,
            "time_res": {
                "quantum_runtime": [
                    1.8587491512298584,
                    1.8348655700683594,
                    1.9370946884155273,
                    1.906231164932251,
                    1.789372205734253,
                    1.8502187728881836,
                    1.8045032024383545,
                    1.9302783012390137
                ],
                "time_per_step": {
                    "total job time": 2.3036437034606934,
                    "schedule": 3.197120000000001,
                    "running": 0.02265763282775879,
                    "compile": 0.9561436176300049
                },
                "iterations": 8
            }
        },
        {
            "shots": "mcp",
            "opt_time": 11.475210428237915,
            "func_calls": 8,
            "acc": -3.504,
            "time_res": {
                "quantum_runtime": [
                    1.8242151737213135,
                    1.7876508235931396,
                    1.8192031383514404,
                    1.8822226524353027,
                    1.903693675994873,
                    1.7521884441375732,
                    1.8070759773254395,
                    1.762718915939331
                ],
                "time_per_step": {
                    "total job time": 2.2954723834991455,
                    "schedule": 3.197120000000001,
                    "running": 0.023354053497314453,
                    "compile": 0.8102350234985352
                },
                "iterations": 8
            }
        },
        {
            "shots": "mcp",
            "opt_time": 31.34964632987976,
            "func_calls": 21,
            "acc": -3.515,
            "time_res": {
                "quantum_runtime": [
                    1.8869404792785645,
                    1.8778443336486816,
                    1.8628783226013184,
                    1.8493807315826416,
                    1.802844762802124,
                    1.8905534744262695,
                    1.7811133861541748,
                    1.8433184623718262,
                    1.7859132289886475,
                    1.7996301651000977,
                    1.9448418617248535,
                    1.9871206283569336,
                    1.9737892150878906,
                    2.005789279937744,
                    2.062300443649292,
                    2.0112533569335938,
                    1.818047046661377,
                    1.828798770904541,
                    2.1457865238189697,
                    1.9347865581512451,
                    1.9223713874816895
                ],
                "time_per_step": {
                    "total job time": 6.312058687210083,
                    "schedule": 8.392439999999999,
                    "running": 0.07534408569335938,
                    "compile": 2.4704983234405518
                },
                "iterations": 21
            }
        }
    ]
}