{
    "qfunc": "mcp",
    "backend_tag": "qblox_dummy_cluster",
    "data": [
        {
            "shots": "mcp",
            "opt_time": 4.956357002258301,
            "func_calls": 5,
            "acc": -0.0,
            "time_res": {
                "quantum_runtime": [
                    1.3188197612762451,
                    1.2239060401916504,
                    1.1857903003692627,
                    1.461817741394043,
                    1.2253835201263428
                ],
                "time_per_step": {
                    "total job time": 1.0674612522125244,
                    "schedule": 1.9982000000000002,
                    "running": 0.0161740779876709,
                    "compile": 0.40798401832580566
                },
                "iterations": 5
            }
        },
        {
            "shots": "mcp",
            "opt_time": 5.575394153594971,
            "func_calls": 5,
            "acc": -0.0,
            "time_res": {
                "quantum_runtime": [
                    1.488358974456787,
                    1.2996211051940918,
                    1.202369213104248,
                    1.4926128387451172,
                    1.8343896865844727
                ],
                "time_per_step": {
                    "total job time": 1.2779529094696045,
                    "schedule": 1.9982000000000002,
                    "running": 0.021865367889404297,
                    "compile": 0.4841630458831787
                },
                "iterations": 5
            }
        },
        {
            "shots": "mcp",
            "opt_time": 6.071794271469116,
            "func_calls": 5,
            "acc": -0.0,
            "time_res": {
                "quantum_runtime": [
                    2.315849781036377,
                    1.5257363319396973,
                    1.2126667499542236,
                    1.2521336078643799,
                    1.5522565841674805
                ],
                "time_per_step": {
                    "total job time": 1.2603585720062256,
                    "schedule": 1.9982000000000002,
                    "running": 0.01935720443725586,
                    "compile": 0.5436310768127441
                },
                "iterations": 5
            }
        },
        {
            "shots": "mcp",
            "opt_time": 4.891833066940308,
            "func_calls": 5,
            "acc": -0.0,
            "time_res": {
                "quantum_runtime": [
                    1.2636864185333252,
                    1.2926523685455322,
                    1.263197660446167,
                    1.2051143646240234,
                    1.3683719635009766
                ],
                "time_per_step": {
                    "total job time": 1.0875663757324219,
                    "schedule": 1.9982000000000002,
                    "running": 0.016575098037719727,
                    "compile": 0.42952752113342285
                },
                "iterations": 5
            }
        },
        {
            "shots": "mcp",
            "opt_time": 5.183654308319092,
            "func_calls": 5,
            "acc": -0.0,
            "time_res": {
                "quantum_runtime": [
                    1.346944808959961,
                    1.4823522567749023,
                    1.244507074356079,
                    1.2878246307373047,
                    1.3730664253234863
                ],
                "time_per_step": {
                    "total job time": 1.135941743850708,
                    "schedule": 1.9982000000000002,
                    "running": 0.01731085777282715,
                    "compile": 0.4328603744506836
                },
                "iterations": 5
            }
        }
    ]
}