{
    "qfunc": "mcp",
    "backend_tag": "qblox_dummy_cluster",
    "data": [
        {
            "shots": "mcp",
            "opt_time": 34.372398853302,
            "func_calls": 8,
            "acc": -10.067,
            "time_res": {
                "quantum_runtime": [
                    3.04318904876709,
                    4.850840091705322,
                    5.366878032684326,
                    3.218860626220703,
                    4.050204515457153,
                    12.605498313903809,
                    7.138879776000977,
                    3.2202179431915283
                ],
                "time_per_step": {
                    "total job time": 4.835804224014282,
                    "schedule": 3.197120000000001,
                    "running": 0.08091378211975098,
                    "compile": 4.463322401046753
                },
                "iterations": 8
            }
        },
        {
            "shots": "mcp",
            "opt_time": 27.022023916244507,
            "func_calls": 8,
            "acc": -9.987,
            "time_res": {
                "quantum_runtime": [
                    4.2731945514678955,
                    7.597326755523682,
                    4.5720741748809814,
                    3.3584649562835693,
                    3.3263959884643555,
                    4.176499128341675,
                    3.9551689624786377,
                    3.3111846446990967
                ],
                "time_per_step": {
                    "total job time": 3.8509771823883057,
                    "schedule": 3.197120000000001,
                    "running": 0.07059216499328613,
                    "compile": 3.842872381210327
                },
                "iterations": 8
            }
        },
        {
            "shots": "mcp",
            "opt_time": 49.974027156829834,
            "func_calls": 8,
            "acc": -10.058,
            "time_res": {
                "quantum_runtime": [
                    3.0670464038848877,
                    6.882511615753174,
                    5.97059178352356,
                    4.328905344009399,
                    11.455400466918945,
                    9.175644874572754,
                    7.542841196060181,
                    12.98993706703186
                ],
                "time_per_step": {
                    "total job time": 5.762043476104736,
                    "schedule": 3.197120000000001,
                    "running": 0.11745882034301758,
                    "compile": 5.887648105621338
                },
                "iterations": 8
            }
        },
        {
            "shots": "mcp",
            "opt_time": 25.11193585395813,
            "func_calls": 8,
            "acc": -10.114,
            "time_res": {
                "quantum_runtime": [
                    6.858016014099121,
                    3.5561916828155518,
                    2.5753698348999023,
                    1.9208402633666992,
                    2.54076886177063,
                    2.975550413131714,
                    2.9655611515045166,
                    8.376764059066772
                ],
                "time_per_step": {
                    "total job time": 2.606837034225464,
                    "schedule": 3.197120000000001,
                    "running": 0.04783058166503906,
                    "compile": 4.135955095291138
                },
                "iterations": 8
            }
        },
        {
            "shots": "mcp",
            "opt_time": 21.26772165298462,
            "func_calls": 8,
            "acc": -10.065,
            "time_res": {
                "quantum_runtime": [
                    3.534292697906494,
                    4.222572565078735,
                    3.333919048309326,
                    2.6236915588378906,
                    3.5658838748931885,
                    4.222133636474609,
                    3.0739521980285645,
                    3.093102216720581
                ],
                "time_per_step": {
                    "total job time": 3.1522438526153564,
                    "schedule": 3.197120000000001,
                    "running": 0.053394317626953125,
                    "compile": 3.3396058082580566
                },
                "iterations": 8
            }
        }
    ]
}