{
    "qfunc": "mcp",
    "backend_tag": "qblox_dummy_cluster",
    "data": [
        {
            "shots": "mcp",
            "opt_time": 12.887842893600464,
            "func_calls": 8,
            "acc": -5.588,
            "time_res": {
                "quantum_runtime": [
                    2.175496816635132,
                    1.933638334274292,
                    2.1055352687835693,
                    2.28604793548584,
                    2.0834693908691406,
                    2.0891048908233643,
                    2.171259880065918,
                    2.0176007747650146
                ],
                "time_per_step": {
                    "total job time": 2.8760933876037598,
                    "schedule": 3.197120000000001,
                    "running": 0.026158809661865234,
                    "compile": 1.1480064392089844
                },
                "iterations": 8
            }
        },
        {
            "shots": "mcp",
            "opt_time": 12.706877708435059,
            "func_calls": 8,
            "acc": -5.487,
            "time_res": {
                "quantum_runtime": [
                    2.0560150146484375,
                    2.0553300380706787,
                    2.1737587451934814,
                    2.0395936965942383,
                    2.149888038635254,
                    2.0029654502868652,
                    2.177734136581421,
                    1.9795091152191162
                ],
                "time_per_step": {
                    "total job time": 2.93349289894104,
                    "schedule": 3.197120000000001,
                    "running": 0.0288388729095459,
                    "compile": 1.0503456592559814
                },
                "iterations": 8
            }
        },
        {
            "shots": "mcp",
            "opt_time": 40.70969915390015,
            "func_calls": 24,
            "acc": -5.588,
            "time_res": {
                "quantum_runtime": [
                    2.0950663089752197,
                    1.9858832359313965,
                    2.0235252380371094,
                    2.1691672801971436,
                    2.065711498260498,
                    2.077293872833252,
                    2.0502254962921143,
                    2.3299317359924316,
                    1.8423993587493896,
                    1.9814493656158447,
                    1.9690163135528564,
                    2.1314218044281006,
                    2.1349282264709473,
                    2.06606125831604,
                    2.4105465412139893,
                    2.2668044567108154,
                    2.2053134441375732,
                    2.130974292755127,
                    2.0571541786193848,
                    2.405165195465088,
                    2.500035524368286,
                    3.0130574703216553,
                    3.039865732192993,
                    2.8184919357299805
                ],
                "time_per_step": {
                    "total job time": 9.525419473648071,
                    "schedule": 9.591359999999998,
                    "running": 0.08909893035888672,
                    "compile": 3.7043709754943848
                },
                "iterations": 24
            }
        },
        {
            "shots": "mcp",
            "opt_time": 15.570356607437134,
            "func_calls": 8,
            "acc": -5.556,
            "time_res": {
                "quantum_runtime": [
                    2.3826632499694824,
                    2.150052785873413,
                    2.255366563796997,
                    2.280120611190796,
                    2.379918336868286,
                    2.4814910888671875,
                    3.2074942588806152,
                    3.222543954849243
                ],
                "time_per_step": {
                    "total job time": 3.380540132522583,
                    "schedule": 3.197120000000001,
                    "running": 0.03135347366333008,
                    "compile": 1.46897554397583
                },
                "iterations": 8
            }
        },
        {
            "shots": "mcp",
            "opt_time": 22.500895738601685,
            "func_calls": 11,
            "acc": -5.498,
            "time_res": {
                "quantum_runtime": [
                    2.641528367996216,
                    2.49893856048584,
                    2.6161530017852783,
                    3.9465925693511963,
                    2.5486903190612793,
                    2.274718999862671,
                    2.7765960693359375,
                    2.785290002822876,
                    2.425030469894409,
                    2.3193488121032715,
                    2.229677677154541
                ],
                "time_per_step": {
                    "total job time": 4.698079586029053,
                    "schedule": 4.396040000000001,
                    "running": 0.044051170349121094,
                    "compile": 1.9561777114868164
                },
                "iterations": 11
            }
        }
    ]
}