{
    "qfunc": "mcp",
    "backend_tag": "qblox_dummy_cluster",
    "data": [
        {
            "shots": "mcp",
            "opt_time": 0.9229278564453125,
            "func_calls": 5,
            "acc": -0.0,
            "time_res": {
                "quantum_runtime": [
                    0.3280220031738281,
                    0.4826216697692871,
                    0.2835428714752197,
                    0.40320682525634766,
                    0.2759397029876709
                ],
                "time_per_step": {
                    "total job time": 0.6100411415100098,
                    "schedule": 1.9982000000000002,
                    "running": 0.014707565307617188,
                    "compile": 0.24274539947509766
                },
                "iterations": 5
            }
        },
        {
            "shots": "mcp",
            "opt_time": 0.7653584480285645,
            "func_calls": 5,
            "acc": -0.0,
            "time_res": {
                "quantum_runtime": [
                    0.2863008975982666,
                    0.3339684009552002,
                    0.27988505363464355,
                    0.43506765365600586,
                    0.29045772552490234
                ],
                "time_per_step": {
                    "total job time": 0.6519289016723633,
                    "schedule": 1.9982000000000002,
                    "running": 0.014412879943847656,
                    "compile": 0.21027612686157227
                },
                "iterations": 5
            }
        },
        {
            "shots": "mcp",
            "opt_time": 0.7058711051940918,
            "func_calls": 5,
            "acc": -0.0,
            "time_res": {
                "quantum_runtime": [
                    0.2990102767944336,
                    0.27457594871520996,
                    0.31359434127807617,
                    0.3176271915435791,
                    0.3110959529876709
                ],
                "time_per_step": {
                    "total job time": 0.5858747959136963,
                    "schedule": 1.9982000000000002,
                    "running": 0.014000415802001953,
                    "compile": 0.22617745399475098
                },
                "iterations": 5
            }
        },
        {
            "shots": "mcp",
            "opt_time": 0.6663799285888672,
            "func_calls": 5,
            "acc": -0.0,
            "time_res": {
                "quantum_runtime": [
                    0.29774999618530273,
                    0.3941202163696289,
                    0.31361865997314453,
                    0.3064296245574951,
                    0.26523423194885254
                ],
                "time_per_step": {
                    "total job time": 0.5767388343811035,
                    "schedule": 1.9982000000000002,
                    "running": 0.013937234878540039,
                    "compile": 0.3359415531158447
                },
                "iterations": 5
            }
        },
        {
            "shots": "mcp",
            "opt_time": 0.7524209022521973,
            "func_calls": 5,
            "acc": -0.0,
            "time_res": {
                "quantum_runtime": [
                    0.2741243839263916,
                    0.2644662857055664,
                    0.29153871536254883,
                    0.41791701316833496,
                    0.2913200855255127
                ],
                "time_per_step": {
                    "total job time": 0.5628972053527832,
                    "schedule": 1.9982000000000002,
                    "running": 0.014237165451049805,
                    "compile": 0.2259669303894043
                },
                "iterations": 5
            }
        },
        {
            "shots": "mcp",
            "opt_time": 0.6635854244232178,
            "func_calls": 5,
            "acc": -0.0,
            "time_res": {
                "quantum_runtime": [
                    0.36811399459838867,
                    0.29767584800720215,
                    0.2270679473876953,
                    0.2398064136505127,
                    0.25100064277648926
                ],
                "time_per_step": {
                    "total job time": 0.4683101177215576,
                    "schedule": 2.0174,
                    "running": 0.013943195343017578,
                    "compile": 0.25412774085998535
                },
                "iterations": 5
            }
        }
    ]
}