{
    "qfunc": "mcp",
    "backend_tag": "qblox_dummy_cluster",
    "data": [
        {
            "shots": "mcp",
            "opt_time": 14.990567445755005,
            "func_calls": 11,
            "acc": -6.465,
            "time_res": {
                "quantum_runtime": [
                    1.6799445152282715,
                    2.1183512210845947,
                    2.3525936603546143,
                    1.8163714408874512,
                    1.8737056255340576,
                    1.737046480178833,
                    2.06526517868042,
                    1.8402869701385498,
                    2.1079933643341064,
                    2.1685025691986084,
                    2.1255598068237305
                ],
                "time_per_step": {
                    "total job time": 5.111713647842407,
                    "schedule": 4.396040000000001,
                    "running": 0.04963493347167969,
                    "compile": 1.8443655967712402
                },
                "iterations": 11
            }
        },
        {
            "shots": "mcp",
            "opt_time": 9.689164400100708,
            "func_calls": 8,
            "acc": -6.513,
            "time_res": {
                "quantum_runtime": [
                    1.814878225326538,
                    2.1606290340423584,
                    2.1663429737091064,
                    1.758650302886963,
                    1.5970194339752197,
                    1.5616087913513184,
                    1.7270772457122803,
                    1.5221374034881592
                ],
                "time_per_step": {
                    "total job time": 3.4053544998168945,
                    "schedule": 3.197120000000001,
                    "running": 0.028589487075805664,
                    "compile": 1.252640724182129
                },
                "iterations": 8
            }
        },
        {
            "shots": "mcp",
            "opt_time": 9.173372030258179,
            "func_calls": 8,
            "acc": -6.485,
            "time_res": {
                "quantum_runtime": [
                    1.6458611488342285,
                    1.8493032455444336,
                    1.8221077919006348,
                    1.6511342525482178,
                    1.859159231185913,
                    1.4556734561920166,
                    1.8124217987060547,
                    1.6089763641357422
                ],
                "time_per_step": {
                    "total job time": 3.3582847118377686,
                    "schedule": 3.197120000000001,
                    "running": 0.0294344425201416,
                    "compile": 1.212921142578125
                },
                "iterations": 8
            }
        },
        {
            "shots": "mcp",
            "opt_time": 8.96626353263855,
            "func_calls": 8,
            "acc": -6.39,
            "time_res": {
                "quantum_runtime": [
                    1.6528050899505615,
                    1.8475055694580078,
                    1.9909777641296387,
                    1.504638671875,
                    1.6794662475585938,
                    1.623290777206421,
                    1.7667548656463623,
                    1.4879586696624756
                ],
                "time_per_step": {
                    "total job time": 3.4100754261016846,
                    "schedule": 3.197120000000001,
                    "running": 0.029169321060180664,
                    "compile": 1.2154481410980225
                },
                "iterations": 8
            }
        },
        {
            "shots": "mcp",
            "opt_time": 10.142868757247925,
            "func_calls": 8,
            "acc": -6.59,
            "time_res": {
                "quantum_runtime": [
                    1.70595121383667,
                    1.8071203231811523,
                    1.9606502056121826,
                    1.5644333362579346,
                    1.738884449005127,
                    2.062952995300293,
                    1.8772926330566406,
                    1.8071820735931396
                ],
                "time_per_step": {
                    "total job time": 3.2042899131774902,
                    "schedule": 3.197120000000001,
                    "running": 0.02854442596435547,
                    "compile": 1.2187609672546387
                },
                "iterations": 8
            }
        }
    ]
}