{
    "qfunc": "mcp",
    "backend_tag": "qblox_dummy_cluster",
    "data": [
        {
            "shots": "mcp",
            "opt_time": 9.425729513168335,
            "func_calls": 5,
            "acc": -0.0,
            "time_res": {
                "quantum_runtime": [
                    2.0823709964752197,
                    2.050449848175049,
                    2.2131800651550293,
                    2.675967216491699,
                    2.3344945907592773
                ],
                "time_per_step": {
                    "total job time": 1.3453638553619385,
                    "schedule": 1.9982000000000002,
                    "running": 0.02170085906982422,
                    "compile": 0.614884614944458
                },
                "iterations": 5
            }
        },
        {
            "shots": "mcp",
            "opt_time": 10.253123760223389,
            "func_calls": 5,
            "acc": -0.0,
            "time_res": {
                "quantum_runtime": [
                    2.5523476600646973,
                    2.0940067768096924,
                    2.5547313690185547,
                    2.4561257362365723,
                    2.9198551177978516
                ],
                "time_per_step": {
                    "total job time": 1.5874013900756836,
                    "schedule": 1.9982000000000002,
                    "running": 0.023604869842529297,
                    "compile": 0.7726168632507324
                },
                "iterations": 5
            }
        },
        {
            "shots": "mcp",
            "opt_time": 12.411496639251709,
            "func_calls": 5,
            "acc": -0.0,
            "time_res": {
                "quantum_runtime": [
                    2.098154306411743,
                    2.781137704849243,
                    3.1239848136901855,
                    3.4999401569366455,
                    3.602510929107666
                ],
                "time_per_step": {
                    "total job time": 1.93611741065979,
                    "schedule": 1.9982000000000002,
                    "running": 0.027630329132080078,
                    "compile": 0.8039062023162842
                },
                "iterations": 5
            }
        },
        {
            "shots": "mcp",
            "opt_time": 9.263145446777344,
            "func_calls": 5,
            "acc": -0.0,
            "time_res": {
                "quantum_runtime": [
                    2.7948436737060547,
                    2.198662519454956,
                    2.410489797592163,
                    1.9713289737701416,
                    1.816443681716919
                ],
                "time_per_step": {
                    "total job time": 1.3376872539520264,
                    "schedule": 1.9982000000000002,
                    "running": 0.019732952117919922,
                    "compile": 0.6187648773193359
                },
                "iterations": 5
            }
        },
        {
            "shots": "mcp",
            "opt_time": 7.792464256286621,
            "func_calls": 5,
            "acc": -0.0,
            "time_res": {
                "quantum_runtime": [
                    2.0794870853424072,
                    1.7638208866119385,
                    1.9338436126708984,
                    1.9979498386383057,
                    1.7773511409759521
                ],
                "time_per_step": {
                    "total job time": 1.2005372047424316,
                    "schedule": 1.9982000000000002,
                    "running": 0.025043010711669922,
                    "compile": 0.5851466655731201
                },
                "iterations": 5
            }
        }
    ]
}