{
    "qfunc": "mcp",
    "backend_tag": "qblox_dummy_cluster",
    "data": [
        {
            "shots": "mcp",
            "opt_time": 90.78821277618408,
            "func_calls": 47,
            "acc": -8.547,
            "time_res": {
                "quantum_runtime": [
                    1.9709961414337158,
                    2.5932745933532715,
                    2.7086801528930664,
                    2.0522537231445312,
                    2.1387038230895996,
                    2.9614853858947754,
                    2.6741886138916016,
                    2.507070302963257,
                    2.164850950241089,
                    2.4538729190826416,
                    2.45662522315979,
                    2.518167734146118,
                    2.744690179824829,
                    2.722256660461426,
                    2.6501502990722656,
                    2.891594886779785,
                    2.8374722003936768,
                    2.630966901779175,
                    2.6813759803771973,
                    2.7809853553771973,
                    3.012251615524292,
                    2.361912727355957,
                    2.4607553482055664,
                    2.7971296310424805,
                    2.6452510356903076,
                    2.5740408897399902,
                    2.962838649749756,
                    3.531003952026367,
                    2.9633193016052246,
                    2.669477701187134,
                    2.923009157180786,
                    2.9055862426757812,
                    2.868983745574951,
                    3.2145912647247314,
                    2.5558650493621826,
                    2.7041127681732178,
                    2.877607583999634,
                    2.807847261428833,
                    2.9186935424804688,
                    2.874843120574951,
                    2.933666706085205,
                    3.2722599506378174,
                    3.253085136413574,
                    2.878558874130249,
                    2.909879684448242,
                    3.0470478534698486,
                    2.9674153327941895
                ],
                "time_per_step": {
                    "total job time": 27.40531349182129,
                    "schedule": 18.783080000000005,
                    "running": 0.22817134857177734,
                    "compile": 11.216741561889648
                },
                "iterations": 47
            }
        },
        {
            "shots": "mcp",
            "opt_time": 12.273510217666626,
            "func_calls": 11,
            "acc": -8.528,
            "time_res": {
                "quantum_runtime": [
                    1.5608868598937988,
                    1.6389403343200684,
                    1.6174488067626953,
                    1.436678171157837,
                    1.38509202003479,
                    1.2402961254119873,
                    1.4920411109924316,
                    1.339470624923706,
                    1.4913880825042725,
                    1.4185993671417236,
                    1.7034368515014648
                ],
                "time_per_step": {
                    "total job time": 2.412586212158203,
                    "schedule": 4.396040000000001,
                    "running": 0.03159737586975098,
                    "compile": 1.6928842067718506
                },
                "iterations": 11
            }
        },
        {
            "shots": "mcp",
            "opt_time": 12.651711463928223,
            "func_calls": 8,
            "acc": -8.454,
            "time_res": {
                "quantum_runtime": [
                    2.0932023525238037,
                    2.5610601902008057,
                    2.4130890369415283,
                    1.7724862098693848,
                    1.9278981685638428,
                    1.844191074371338,
                    1.7198247909545898,
                    2.0602548122406006
                ],
                "time_per_step": {
                    "total job time": 2.0787980556488037,
                    "schedule": 3.197120000000001,
                    "running": 0.03148531913757324,
                    "compile": 1.7137737274169922
                },
                "iterations": 8
            }
        },
        {
            "shots": "mcp",
            "opt_time": 51.61246299743652,
            "func_calls": 34,
            "acc": -8.495,
            "time_res": {
                "quantum_runtime": [
                    1.5958185195922852,
                    2.053387403488159,
                    1.8048501014709473,
                    1.651655912399292,
                    1.7916853427886963,
                    1.9640867710113525,
                    1.7217869758605957,
                    1.8707377910614014,
                    1.8365631103515625,
                    1.9117071628570557,
                    1.9787876605987549,
                    1.917985200881958,
                    2.036168098449707,
                    1.964536190032959,
                    1.9037282466888428,
                    1.8180630207061768,
                    1.9317283630371094,
                    1.9684834480285645,
                    1.9032752513885498,
                    1.6872384548187256,
                    1.6514613628387451,
                    1.7593140602111816,
                    1.8904311656951904,
                    1.8576581478118896,
                    1.8199615478515625,
                    2.049391746520996,
                    2.179877996444702,
                    2.0102715492248535,
                    2.060638427734375,
                    1.860994577407837,
                    2.0286760330200195,
                    2.2564802169799805,
                    3.113586664199829,
                    2.7626802921295166
                ],
                "time_per_step": {
                    "total job time": 8.461360216140747,
                    "schedule": 13.587759999999996,
                    "running": 0.1324317455291748,
                    "compile": 6.77283787727356
                },
                "iterations": 34
            }
        },
        {
            "shots": "mcp",
            "opt_time": 13.827594757080078,
            "func_calls": 8,
            "acc": -8.458,
            "time_res": {
                "quantum_runtime": [
                    1.9030241966247559,
                    2.3135385513305664,
                    3.734632730484009,
                    2.2003731727600098,
                    1.9558522701263428,
                    2.2891409397125244,
                    1.7582323551177979,
                    1.516374111175537
                ],
                "time_per_step": {
                    "total job time": 1.786773920059204,
                    "schedule": 3.197120000000001,
                    "running": 0.03679180145263672,
                    "compile": 2.1122541427612305
                },
                "iterations": 8
            }
        },
        {
            "shots": "mcp",
            "opt_time": 11.540172100067139,
            "func_calls": 8,
            "acc": -8.62,
            "time_res": {
                "quantum_runtime": [
                    1.6824853420257568,
                    2.3999524116516113,
                    1.9842655658721924,
                    1.6964521408081055,
                    1.6671161651611328,
                    2.054966688156128,
                    1.7463669776916504,
                    1.6774513721466064
                ],
                "time_per_step": {
                    "total job time": 1.7567975521087646,
                    "schedule": 3.197120000000001,
                    "running": 0.029828786849975586,
                    "compile": 1.6605863571166992
                },
                "iterations": 8
            }
        }
    ]
}