{
    "qfunc": "mcp",
    "backend_tag": "qblox_dummy_cluster",
    "data": [
        {
            "shots": "mcp",
            "opt_time": 27.673302173614502,
            "func_calls": 24,
            "acc": -2.02,
            "time_res": {
                "quantum_runtime": [
                    1.5184376239776611,
                    1.2937352657318115,
                    1.319159984588623,
                    1.3015375137329102,
                    1.6673259735107422,
                    1.8589584827423096,
                    1.6253714561462402,
                    1.480790138244629,
                    1.3748927116394043,
                    1.664313793182373,
                    1.3131976127624512,
                    1.505183458328247,
                    1.9256439208984375,
                    1.7015380859375,
                    1.7173612117767334,
                    1.4114160537719727,
                    1.499952793121338,
                    2.0081472396850586,
                    1.787964105606079,
                    1.6798875331878662,
                    2.194370746612549,
                    1.8803825378417969,
                    1.7539374828338623,
                    1.4246063232421875
                ],
                "time_per_step": {
                    "total job time": 7.805408000946045,
                    "schedule": 9.591359999999998,
                    "running": 0.09717893600463867,
                    "compile": 3.5378878116607666
                },
                "iterations": 24
            }
        },
        {
            "shots": "mcp",
            "opt_time": 35.976351499557495,
            "func_calls": 34,
            "acc": -2.022,
            "time_res": {
                "quantum_runtime": [
                    1.5411913394927979,
                    1.440476894378662,
                    1.4213714599609375,
                    1.3926317691802979,
                    1.5152289867401123,
                    1.5005764961242676,
                    1.3186469078063965,
                    1.35904860496521,
                    1.3441898822784424,
                    1.5456035137176514,
                    1.302734613418579,
                    1.343536376953125,
                    1.328768253326416,
                    1.3950169086456299,
                    1.4902572631835938,
                    1.4548611640930176,
                    1.386979103088379,
                    1.461843490600586,
                    1.5129809379577637,
                    1.651853322982788,
                    1.466564655303955,
                    1.5253431797027588,
                    1.3104972839355469,
                    1.5316524505615234,
                    1.4076707363128662,
                    1.6038310527801514,
                    1.4674391746520996,
                    1.4950129985809326,
                    1.518533706665039,
                    1.401073932647705,
                    1.368070363998413,
                    1.396573543548584,
                    1.6014647483825684,
                    1.8051929473876953
                ],
                "time_per_step": {
                    "total job time": 9.782910346984863,
                    "schedule": 13.587759999999996,
                    "running": 0.12443017959594727,
                    "compile": 3.979292392730713
                },
                "iterations": 34
            }
        },
        {
            "shots": "mcp",
            "opt_time": 6.601684093475342,
            "func_calls": 5,
            "acc": -2.066,
            "time_res": {
                "quantum_runtime": [
                    1.872617483139038,
                    1.7766146659851074,
                    2.300069570541382,
                    1.4571564197540283,
                    1.6935510635375977
                ],
                "time_per_step": {
                    "total job time": 1.6425721645355225,
                    "schedule": 1.9982000000000002,
                    "running": 0.024019241333007812,
                    "compile": 0.8817567825317383
                },
                "iterations": 5
            }
        },
        {
            "shots": "mcp",
            "opt_time": 9.690484762191772,
            "func_calls": 8,
            "acc": -2.042,
            "time_res": {
                "quantum_runtime": [
                    1.580772876739502,
                    1.7394354343414307,
                    1.6153478622436523,
                    1.480004072189331,
                    1.6627063751220703,
                    1.5902678966522217,
                    1.949885368347168,
                    1.5164144039154053
                ],
                "time_per_step": {
                    "total job time": 2.4728291034698486,
                    "schedule": 3.197120000000001,
                    "running": 0.03649616241455078,
                    "compile": 1.0102734565734863
                },
                "iterations": 8
            }
        },
        {
            "shots": "mcp",
            "opt_time": 8.747799158096313,
            "func_calls": 8,
            "acc": -2.12,
            "time_res": {
                "quantum_runtime": [
                    1.4793744087219238,
                    1.4455788135528564,
                    1.4871046543121338,
                    1.6455249786376953,
                    1.6788849830627441,
                    1.540898084640503,
                    1.6110262870788574,
                    1.3660931587219238
                ],
                "time_per_step": {
                    "total job time": 2.4388701915740967,
                    "schedule": 3.197120000000001,
                    "running": 0.03211832046508789,
                    "compile": 1.1012458801269531
                },
                "iterations": 8
            }
        }
    ]
}