{
    "qfunc": "mcp",
    "backend_tag": "qblox_dummy_cluster",
    "data": [
        {
            "shots": "mcp",
            "opt_time": 18.628800630569458,
            "func_calls": 11,
            "acc": -7.536,
            "time_res": {
                "quantum_runtime": [
                    2.3877365589141846,
                    2.060932159423828,
                    2.388244867324829,
                    2.4315991401672363,
                    2.163783550262451,
                    2.187161684036255,
                    2.4600327014923096,
                    2.3141977787017822,
                    2.220937967300415,
                    2.215843677520752,
                    2.466651439666748
                ],
                "time_per_step": {
                    "total job time": 4.76961612701416,
                    "schedule": 4.396040000000001,
                    "running": 0.03977656364440918,
                    "compile": 1.97798752784729
                },
                "iterations": 11
            }
        },
        {
            "shots": "mcp",
            "opt_time": 10.730490446090698,
            "func_calls": 5,
            "acc": -7.57,
            "time_res": {
                "quantum_runtime": [
                    2.354787826538086,
                    2.2756729125976562,
                    2.957021474838257,
                    3.4593734741210938,
                    3.40902042388916
                ],
                "time_per_step": {
                    "total job time": 2.8102612495422363,
                    "schedule": 1.9982000000000002,
                    "running": 0.02705240249633789,
                    "compile": 0.959449052810669
                },
                "iterations": 5
            }
        },
        {
            "shots": "mcp",
            "opt_time": 157.15991282463074,
            "func_calls": 63,
            "acc": -7.516,
            "time_res": {
                "quantum_runtime": [
                    2.7226362228393555,
                    2.479761838912964,
                    2.9328832626342773,
                    2.4758403301239014,
                    3.068345308303833,
                    3.812422513961792,
                    3.172490119934082,
                    3.9730000495910645,
                    5.724252223968506,
                    6.875279426574707,
                    5.510589599609375,
                    5.085729360580444,
                    5.935580492019653,
                    5.561319589614868,
                    5.2066004276275635,
                    3.3200533390045166,
                    4.426406145095825,
                    4.756782531738281,
                    3.3837428092956543,
                    2.9526188373565674,
                    3.5771172046661377,
                    2.7537717819213867,
                    2.39129376411438,
                    2.3353567123413086,
                    2.5591883659362793,
                    2.4679830074310303,
                    2.4887890815734863,
                    2.514192581176758,
                    2.489665985107422,
                    2.421408176422119,
                    2.6198089122772217,
                    2.644059419631958,
                    2.4858238697052,
                    2.495131254196167,
                    2.90398907661438,
                    3.3946526050567627,
                    2.9729087352752686,
                    2.9586827754974365,
                    3.200031042098999,
                    3.398940086364746,
                    3.0739736557006836,
                    3.560535430908203,
                    2.942417860031128,
                    3.1858720779418945,
                    2.958976984024048,
                    3.5295250415802,
                    3.510355234146118,
                    3.0422017574310303,
                    3.0189709663391113,
                    2.874664545059204,
                    3.88195538520813,
                    3.0093135833740234,
                    2.5507280826568604,
                    3.0478382110595703,
                    3.9965083599090576,
                    3.373370885848999,
                    3.1351685523986816,
                    2.748037815093994,
                    2.621934652328491,
                    2.6660852432250977,
                    2.820326805114746,
                    2.7550740242004395,
                    2.691154956817627
                ],
                "time_per_step": {
                    "total job time": 37.37882590293884,
                    "schedule": 25.17732000000003,
                    "running": 0.3324010372161865,
                    "compile": 15.548525094985962
                },
                "iterations": 63
            }
        },
        {
            "shots": "mcp",
            "opt_time": 16.214237689971924,
            "func_calls": 8,
            "acc": -7.484,
            "time_res": {
                "quantum_runtime": [
                    2.673492670059204,
                    2.624584197998047,
                    2.895526647567749,
                    2.6867403984069824,
                    2.6232478618621826,
                    2.6141843795776367,
                    2.798137664794922,
                    2.793745279312134
                ],
                "time_per_step": {
                    "total job time": 4.083685874938965,
                    "schedule": 3.197120000000001,
                    "running": 0.03398609161376953,
                    "compile": 1.4783165454864502
                },
                "iterations": 8
            }
        },
        {
            "shots": "mcp",
            "opt_time": 16.61457347869873,
            "func_calls": 8,
            "acc": -7.513,
            "time_res": {
                "quantum_runtime": [
                    2.8598060607910156,
                    2.641031503677368,
                    2.8849704265594482,
                    2.9188945293426514,
                    2.9508368968963623,
                    2.7088005542755127,
                    2.7598931789398193,
                    2.5841379165649414
                ],
                "time_per_step": {
                    "total job time": 3.958303689956665,
                    "schedule": 3.197120000000001,
                    "running": 0.033854007720947266,
                    "compile": 1.800431728363037
                },
                "iterations": 8
            }
        }
    ]
}