{
    "qfunc": "mcp",
    "backend_tag": "qblox_dummy_cluster",
    "data": [
        {
            "shots": "mcp",
            "opt_time": 2.6125478744506836,
            "func_calls": 5,
            "acc": -0.0,
            "time_res": {
                "quantum_runtime": [
                    0.8182597160339355,
                    0.7274453639984131,
                    0.7224314212799072,
                    0.8050346374511719,
                    0.8041515350341797
                ],
                "time_per_step": {
                    "total job time": 0.9138579368591309,
                    "schedule": 1.9982000000000002,
                    "running": 0.014846324920654297,
                    "compile": 0.3586750030517578
                },
                "iterations": 5
            }
        },
        {
            "shots": "mcp",
            "opt_time": 2.6512317657470703,
            "func_calls": 5,
            "acc": -0.0,
            "time_res": {
                "quantum_runtime": [
                    0.786325216293335,
                    0.879058837890625,
                    0.7182366847991943,
                    0.7551360130310059,
                    0.848318338394165
                ],
                "time_per_step": {
                    "total job time": 0.9540164470672607,
                    "schedule": 1.9982000000000002,
                    "running": 0.015415668487548828,
                    "compile": 0.38941001892089844
                },
                "iterations": 5
            }
        },
        {
            "shots": "mcp",
            "opt_time": 3.0381155014038086,
            "func_calls": 5,
            "acc": -0.0,
            "time_res": {
                "quantum_runtime": [
                    0.8457322120666504,
                    1.045217752456665,
                    0.9131810665130615,
                    0.8921976089477539,
                    0.8871457576751709
                ],
                "time_per_step": {
                    "total job time": 1.113661766052246,
                    "schedule": 1.9982000000000002,
                    "running": 0.020029544830322266,
                    "compile": 0.4429929256439209
                },
                "iterations": 5
            }
        },
        {
            "shots": "mcp",
            "opt_time": 2.9336190223693848,
            "func_calls": 5,
            "acc": -0.0,
            "time_res": {
                "quantum_runtime": [
                    0.9328899383544922,
                    0.8129103183746338,
                    0.9625716209411621,
                    0.8089132308959961,
                    0.8020246028900146
                ],
                "time_per_step": {
                    "total job time": 0.9963514804840088,
                    "schedule": 1.9982000000000002,
                    "running": 0.01681232452392578,
                    "compile": 0.3985176086425781
                },
                "iterations": 5
            }
        },
        {
            "shots": "mcp",
            "opt_time": 2.887327194213867,
            "func_calls": 5,
            "acc": -0.0,
            "time_res": {
                "quantum_runtime": [
                    0.8357951641082764,
                    0.8616020679473877,
                    0.7634897232055664,
                    0.9797217845916748,
                    0.9254825115203857
                ],
                "time_per_step": {
                    "total job time": 1.0051934719085693,
                    "schedule": 1.9982000000000002,
                    "running": 0.017536640167236328,
                    "compile": 0.48250532150268555
                },
                "iterations": 5
            }
        }
    ]
}