{
    "qfunc": "mcp",
    "backend_tag": "qblox_dummy_cluster",
    "data": [
        {
            "shots": "mcp",
            "opt_time": 66.51783418655396,
            "func_calls": 37,
            "acc": -9.506,
            "time_res": {
                "quantum_runtime": [
                    2.8029255867004395,
                    1.8960959911346436,
                    2.3378067016601562,
                    2.3084659576416016,
                    2.725933790206909,
                    2.2186691761016846,
                    2.396233558654785,
                    2.5240540504455566,
                    2.1495678424835205,
                    1.8069391250610352,
                    1.7638623714447021,
                    2.565317153930664,
                    2.2422714233398438,
                    2.2325327396392822,
                    2.2315988540649414,
                    2.042495012283325,
                    2.082082509994507,
                    2.191589117050171,
                    2.0617663860321045,
                    2.090616464614868,
                    2.227729558944702,
                    2.2658615112304688,
                    1.7126002311706543,
                    1.8900787830352783,
                    2.4676156044006348,
                    3.5447113513946533,
                    2.678602933883667,
                    2.473149061203003,
                    2.2964746952056885,
                    2.2312510013580322,
                    2.489112615585327,
                    2.6465823650360107,
                    2.540449857711792,
                    2.4085803031921387,
                    2.463564157485962,
                    2.0664331912994385,
                    1.895374059677124
                ],
                "time_per_step": {
                    "total job time": 10.136179685592651,
                    "schedule": 14.786679999999995,
                    "running": 0.15110349655151367,
                    "compile": 8.60776686668396
                },
                "iterations": 37
            }
        },
        {
            "shots": "mcp",
            "opt_time": 17.394872903823853,
            "func_calls": 8,
            "acc": -9.462,
            "time_res": {
                "quantum_runtime": [
                    2.436948776245117,
                    2.341986894607544,
                    2.4536144733428955,
                    2.3387248516082764,
                    2.684539556503296,
                    3.167667865753174,
                    3.3851161003112793,
                    3.308065176010132
                ],
                "time_per_step": {
                    "total job time": 2.7385566234588623,
                    "schedule": 3.197120000000001,
                    "running": 0.03991532325744629,
                    "compile": 2.0619146823883057
                },
                "iterations": 8
            }
        },
        {
            "shots": "mcp",
            "opt_time": 22.6218523979187,
            "func_calls": 8,
            "acc": -9.439,
            "time_res": {
                "quantum_runtime": [
                    3.8112621307373047,
                    3.414637804031372,
                    3.1798105239868164,
                    3.572225570678711,
                    3.303286552429199,
                    2.696195363998413,
                    2.957918882369995,
                    4.864528179168701
                ],
                "time_per_step": {
                    "total job time": 2.7011020183563232,
                    "schedule": 3.197120000000001,
                    "running": 0.05195260047912598,
                    "compile": 2.5834641456604004
                },
                "iterations": 8
            }
        },
        {
            "shots": "mcp",
            "opt_time": 18.566547870635986,
            "func_calls": 8,
            "acc": -9.578,
            "time_res": {
                "quantum_runtime": [
                    4.265020847320557,
                    3.028718948364258,
                    2.8164632320404053,
                    2.6707959175109863,
                    2.969558000564575,
                    2.3471591472625732,
                    2.545289993286133,
                    2.7106635570526123
                ],
                "time_per_step": {
                    "total job time": 2.204407215118408,
                    "schedule": 3.197120000000001,
                    "running": 0.03979611396789551,
                    "compile": 2.663943290710449
                },
                "iterations": 8
            }
        },
        {
            "shots": "mcp",
            "opt_time": 25.72504234313965,
            "func_calls": 8,
            "acc": -9.448,
            "time_res": {
                "quantum_runtime": [
                    3.9507322311401367,
                    2.975443124771118,
                    4.078394174575806,
                    4.347763776779175,
                    4.37036657333374,
                    4.481398344039917,
                    4.20003342628479,
                    3.796830654144287
                ],
                "time_per_step": {
                    "total job time": 3.667656660079956,
                    "schedule": 3.197120000000001,
                    "running": 0.0595855712890625,
                    "compile": 2.924903631210327
                },
                "iterations": 8
            }
        }
    ]
}