{
    "qfunc": "mcp",
    "backend_tag": "qblox_dummy_cluster",
    "data": [
        {
            "shots": "mcp",
            "opt_time": 15.765543937683105,
            "func_calls": 8,
            "acc": -11.994,
            "time_res": {
                "quantum_runtime": [
                    3.9279887676239014,
                    2.2253503799438477,
                    2.9983468055725098,
                    2.684893846511841,
                    2.7397656440734863,
                    2.4212985038757324,
                    1.74117112159729,
                    1.9562835693359375
                ],
                "time_per_step": {
                    "total job time": 2.800605058670044,
                    "schedule": 3.197120000000001,
                    "running": 0.03746652603149414,
                    "compile": 2.2025585174560547
                },
                "iterations": 8
            }
        },
        {
            "shots": "mcp",
            "opt_time": 18.13170313835144,
            "func_calls": 8,
            "acc": -11.968,
            "time_res": {
                "quantum_runtime": [
                    3.3163044452667236,
                    2.336941957473755,
                    3.588747501373291,
                    4.061799764633179,
                    3.286039113998413,
                    2.5437192916870117,
                    2.1492366790771484,
                    1.9060020446777344
                ],
                "time_per_step": {
                    "total job time": 2.6607894897460938,
                    "schedule": 3.197120000000001,
                    "running": 0.044222116470336914,
                    "compile": 2.4748153686523438
                },
                "iterations": 8
            }
        },
        {
            "shots": "mcp",
            "opt_time": 22.422642946243286,
            "func_calls": 8,
            "acc": -11.976,
            "time_res": {
                "quantum_runtime": [
                    3.3687820434570312,
                    6.0966956615448,
                    5.056349039077759,
                    4.723052263259888,
                    3.2439987659454346,
                    2.528879165649414,
                    2.180434226989746,
                    1.8543126583099365
                ],
                "time_per_step": {
                    "total job time": 3.5466532707214355,
                    "schedule": 3.197120000000001,
                    "running": 0.06519389152526855,
                    "compile": 3.181098222732544
                },
                "iterations": 8
            }
        },
        {
            "shots": "mcp",
            "opt_time": 13.826343536376953,
            "func_calls": 8,
            "acc": -11.943,
            "time_res": {
                "quantum_runtime": [
                    2.5043256282806396,
                    2.2128798961639404,
                    2.7500195503234863,
                    2.387436628341675,
                    2.7543957233428955,
                    1.8973805904388428,
                    1.6009953022003174,
                    1.8291966915130615
                ],
                "time_per_step": {
                    "total job time": 2.2002604007720947,
                    "schedule": 3.197120000000001,
                    "running": 0.033225297927856445,
                    "compile": 1.9762284755706787
                },
                "iterations": 8
            }
        },
        {
            "shots": "mcp",
            "opt_time": 13.871932983398438,
            "func_calls": 8,
            "acc": -11.958,
            "time_res": {
                "quantum_runtime": [
                    2.5839972496032715,
                    2.024016857147217,
                    2.9325830936431885,
                    2.7285449504852295,
                    2.4606425762176514,
                    1.91017484664917,
                    1.7720565795898438,
                    1.6487479209899902
                ],
                "time_per_step": {
                    "total job time": 2.184502363204956,
                    "schedule": 3.197120000000001,
                    "running": 0.031244754791259766,
                    "compile": 2.06838321685791
                },
                "iterations": 8
            }
        }
    ]
}