{
    "qfunc": "mcp",
    "backend_tag": "qblox_dummy_cluster",
    "data": [
        {
            "shots": "mcp",
            "opt_time": 0.9228031635284424,
            "func_calls": 5,
            "acc": -0.0,
            "time_res": {
                "quantum_runtime": [
                    0.40003156661987305,
                    0.374117374420166,
                    0.36458897590637207,
                    0.37227368354797363,
                    0.35791873931884766
                ],
                "time_per_step": {
                    "total job time": 0.6687633991241455,
                    "schedule": 1.9982000000000002,
                    "running": 0.014073610305786133,
                    "compile": 0.27995729446411133
                },
                "iterations": 5
            }
        },
        {
            "shots": "mcp",
            "opt_time": 1.2021384239196777,
            "func_calls": 5,
            "acc": -0.0,
            "time_res": {
                "quantum_runtime": [
                    0.5489952564239502,
                    0.4555642604827881,
                    0.43313145637512207,
                    0.40220093727111816,
                    0.4137003421783447
                ],
                "time_per_step": {
                    "total job time": 0.7698099613189697,
                    "schedule": 1.9982000000000002,
                    "running": 0.014397382736206055,
                    "compile": 0.2842066287994385
                },
                "iterations": 5
            }
        },
        {
            "shots": "mcp",
            "opt_time": 1.0178477764129639,
            "func_calls": 5,
            "acc": -0.0,
            "time_res": {
                "quantum_runtime": [
                    0.36459827423095703,
                    0.3730580806732178,
                    0.5857789516448975,
                    0.43495750427246094,
                    0.4567737579345703
                ],
                "time_per_step": {
                    "total job time": 0.806673526763916,
                    "schedule": 1.9982000000000002,
                    "running": 0.014995336532592773,
                    "compile": 0.39342212677001953
                },
                "iterations": 5
            }
        },
        {
            "shots": "mcp",
            "opt_time": 0.985527515411377,
            "func_calls": 5,
            "acc": -0.0,
            "time_res": {
                "quantum_runtime": [
                    0.4025416374206543,
                    0.36365675926208496,
                    0.3579440116882324,
                    0.4687364101409912,
                    0.3620951175689697
                ],
                "time_per_step": {
                    "total job time": 0.6997292041778564,
                    "schedule": 1.9982000000000002,
                    "running": 0.014331340789794922,
                    "compile": 0.27228260040283203
                },
                "iterations": 5
            }
        },
        {
            "shots": "mcp",
            "opt_time": 1.1081712245941162,
            "func_calls": 5,
            "acc": -0.0,
            "time_res": {
                "quantum_runtime": [
                    0.37505173683166504,
                    0.4677567481994629,
                    0.4400351047515869,
                    0.5276987552642822,
                    0.43901944160461426
                ],
                "time_per_step": {
                    "total job time": 0.8336758613586426,
                    "schedule": 1.9982000000000002,
                    "running": 0.016568422317504883,
                    "compile": 0.3109433650970459
                },
                "iterations": 5
            }
        },
        {
            "shots": "mcp",
            "opt_time": 1.1247658729553223,
            "func_calls": 5,
            "acc": -0.0,
            "time_res": {
                "quantum_runtime": [
                    0.6164455413818359,
                    0.327437162399292,
                    0.33872365951538086,
                    0.33066415786743164,
                    0.34846043586730957
                ],
                "time_per_step": {
                    "total job time": 0.5695977210998535,
                    "schedule": 2.02252,
                    "running": 0.013885736465454102,
                    "compile": 0.2699127197265625
                },
                "iterations": 5
            }
        }
    ]
}