{
    "qfunc": "mcp",
    "backend_tag": "qblox_dummy_cluster",
    "data": [
        {
            "shots": "mcp",
            "opt_time": 1.5935802459716797,
            "func_calls": 5,
            "acc": -0.0,
            "time_res": {
                "quantum_runtime": [
                    0.6484885215759277,
                    0.5609574317932129,
                    0.505723237991333,
                    0.5422036647796631,
                    0.4903078079223633
                ],
                "time_per_step": {
                    "total job time": 0.8447484970092773,
                    "schedule": 1.9982000000000002,
                    "running": 0.013592243194580078,
                    "compile": 0.3132479190826416
                },
                "iterations": 5
            }
        },
        {
            "shots": "mcp",
            "opt_time": 1.5950100421905518,
            "func_calls": 5,
            "acc": -0.0,
            "time_res": {
                "quantum_runtime": [
                    0.5456728935241699,
                    0.5191233158111572,
                    0.6678140163421631,
                    0.5220870971679688,
                    0.6333086490631104
                ],
                "time_per_step": {
                    "total job time": 0.8736600875854492,
                    "schedule": 1.9982000000000002,
                    "running": 0.01563262939453125,
                    "compile": 0.42458295822143555
                },
                "iterations": 5
            }
        },
        {
            "shots": "mcp",
            "opt_time": 1.6195693016052246,
            "func_calls": 5,
            "acc": -0.0,
            "time_res": {
                "quantum_runtime": [
                    0.6141347885131836,
                    0.5623955726623535,
                    0.608659029006958,
                    0.6483945846557617,
                    0.5881891250610352
                ],
                "time_per_step": {
                    "total job time": 0.9361717700958252,
                    "schedule": 1.9982000000000002,
                    "running": 0.015290498733520508,
                    "compile": 0.47019457817077637
                },
                "iterations": 5
            }
        },
        {
            "shots": "mcp",
            "opt_time": 1.6924779415130615,
            "func_calls": 5,
            "acc": -0.0,
            "time_res": {
                "quantum_runtime": [
                    0.5983638763427734,
                    0.5717740058898926,
                    0.5790045261383057,
                    0.565117359161377,
                    0.6338562965393066
                ],
                "time_per_step": {
                    "total job time": 0.9005389213562012,
                    "schedule": 1.9982000000000002,
                    "running": 0.015229463577270508,
                    "compile": 0.35921406745910645
                },
                "iterations": 5
            }
        },
        {
            "shots": "mcp",
            "opt_time": 1.528796672821045,
            "func_calls": 5,
            "acc": -0.0,
            "time_res": {
                "quantum_runtime": [
                    0.5726454257965088,
                    0.5294003486633301,
                    0.533073902130127,
                    0.5116548538208008,
                    0.5159595012664795
                ],
                "time_per_step": {
                    "total job time": 0.8156771659851074,
                    "schedule": 1.9982000000000002,
                    "running": 0.014154911041259766,
                    "compile": 0.32241153717041016
                },
                "iterations": 5
            }
        }
    ]
}