{
    "qfunc": "mcp",
    "backend_tag": "qblox_dummy_cluster",
    "data": [
        {
            "shots": "mcp",
            "opt_time": 8.548362970352173,
            "func_calls": 8,
            "acc": -4.543,
            "time_res": {
                "quantum_runtime": [
                    1.4682283401489258,
                    1.522730827331543,
                    1.588759183883667,
                    1.551759958267212,
                    1.4611811637878418,
                    1.482649326324463,
                    1.5941238403320312,
                    1.5904436111450195
                ],
                "time_per_step": {
                    "total job time": 2.6777124404907227,
                    "schedule": 3.197120000000001,
                    "running": 0.027149200439453125,
                    "compile": 1.065891981124878
                },
                "iterations": 8
            }
        },
        {
            "shots": "mcp",
            "opt_time": 7.857460975646973,
            "func_calls": 8,
            "acc": -4.548,
            "time_res": {
                "quantum_runtime": [
                    1.4141740798950195,
                    1.5161263942718506,
                    1.4439866542816162,
                    1.4947264194488525,
                    1.403540849685669,
                    1.4248924255371094,
                    1.364180564880371,
                    1.526085615158081
                ],
                "time_per_step": {
                    "total job time": 2.614671468734741,
                    "schedule": 3.197120000000001,
                    "running": 0.025684118270874023,
                    "compile": 1.1446082592010498
                },
                "iterations": 8
            }
        },
        {
            "shots": "mcp",
            "opt_time": 8.584392786026001,
            "func_calls": 8,
            "acc": -4.58,
            "time_res": {
                "quantum_runtime": [
                    1.584726333618164,
                    1.5498998165130615,
                    1.4888701438903809,
                    1.5278222560882568,
                    1.437089204788208,
                    1.5267951488494873,
                    1.5065479278564453,
                    1.5323865413665771
                ],
                "time_per_step": {
                    "total job time": 2.6471149921417236,
                    "schedule": 3.197120000000001,
                    "running": 0.02636551856994629,
                    "compile": 0.9555346965789795
                },
                "iterations": 8
            }
        },
        {
            "shots": "mcp",
            "opt_time": 11.410495519638062,
            "func_calls": 11,
            "acc": -4.536,
            "time_res": {
                "quantum_runtime": [
                    1.5039935111999512,
                    1.4492108821868896,
                    1.4591388702392578,
                    1.4472744464874268,
                    1.6402032375335693,
                    1.3886427879333496,
                    1.3954780101776123,
                    1.4060416221618652,
                    1.631615161895752,
                    1.7094111442565918,
                    1.7128715515136719
                ],
                "time_per_step": {
                    "total job time": 3.759474039077759,
                    "schedule": 4.396040000000001,
                    "running": 0.03735995292663574,
                    "compile": 1.6193561553955078
                },
                "iterations": 11
            }
        },
        {
            "shots": "mcp",
            "opt_time": 7.853367805480957,
            "func_calls": 8,
            "acc": -4.509,
            "time_res": {
                "quantum_runtime": [
                    1.4482090473175049,
                    1.595698356628418,
                    1.4550330638885498,
                    1.4149131774902344,
                    1.5251929759979248,
                    1.3079535961151123,
                    1.440624475479126,
                    1.3481342792510986
                ],
                "time_per_step": {
                    "total job time": 2.6600372791290283,
                    "schedule": 3.197120000000001,
                    "running": 0.02594900131225586,
                    "compile": 1.0532450675964355
                },
                "iterations": 8
            }
        }
    ]
}