{
    "schedule": [
        0.00020039999999999997,
        0.00020039999999999997,
        0.00020039999999999997
    ],
    "add_component": [
        1.7881393432617188e-05,
        6.4373016357421875e-06
    ],
    "prepare": [
        0.04826498031616211,
        0.048514604568481445,
        0.06338334083557129
    ],
    "start": [
        0.00032067298889160156,
        0.0003955364227294922,
        0.00048232078552246094
    ],
    "wait_done": [
        0.00044417381286621094,
        0.00033855438232421875,
        0.0003914833068847656
    ]
}