{
    "schedule": [
        0.00020039999999999997,
        0.00020039999999999997,
        0.00020039999999999997
    ],
    "add_component": [
        1.9550323486328125e-05,
        6.9141387939453125e-06
    ],
    "prepare": [
        0.045671701431274414,
        0.04392862319946289,
        0.044264793395996094
    ],
    "start": [
        0.0003142356872558594,
        0.00037932395935058594,
        0.0003390312194824219
    ],
    "wait_done": [
        0.00036334991455078125,
        0.00032591819763183594,
        0.0003204345703125
    ]
}