{
    "qfunc": "mcp",
    "backend_tag": "qblox_dummy_cluster",
    "data": [
        {
            "shots": "mcp",
            "opt_time": 11.794283390045166,
            "func_calls": 8,
            "acc": -2.082,
            "time_res": {
                "quantum_runtime": [
                    1.7488322257995605,
                    1.6268184185028076,
                    2.195939064025879,
                    2.201085329055786,
                    1.647352695465088,
                    1.6455833911895752,
                    1.8975017070770264,
                    1.6076924800872803
                ],
                "time_per_step": {
                    "total job time": 1.6094186305999756,
                    "schedule": 3.2572799999999997,
                    "running": 0.04558277130126953,
                    "compile": 1.2057793140411377
                },
                "iterations": 8
            }
        }
    ]
}