{
    "qfunc": "mcp",
    "backend_tag": "qblox_dummy_cluster",
    "data": [
        {
            "shots": "mcp",
            "opt_time": 0.7921841144561768,
            "func_calls": 5,
            "acc": -0.0,
            "time_res": {
                "quantum_runtime": [
                    0.37719011306762695,
                    0.3092474937438965,
                    0.22825407981872559,
                    0.38001084327697754,
                    0.24937701225280762
                ],
                "time_per_step": {
                    "total job time": 0.4917793273925781,
                    "schedule": 2.0174,
                    "running": 0.014241695404052734,
                    "compile": 0.2624380588531494
                },
                "iterations": 5
            }
        },
        {
            "shots": "mcp",
            "opt_time": 2.5177087783813477,
            "func_calls": 5,
            "acc": -0.0,
            "time_res": {
                "quantum_runtime": [
                    1.6402435302734375,
                    0.9296605587005615,
                    0.7060556411743164,
                    0.6728274822235107,
                    0.8473360538482666
                ],
                "time_per_step": {
                    "total job time": 1.2944724559783936,
                    "schedule": 2.0174,
                    "running": 0.05818057060241699,
                    "compile": 0.9921965599060059
                },
                "iterations": 5
            }
        }
    ]
}