{
    "qfunc": "mcp",
    "backend_tag": "qblox_dummy_cluster",
    "data": [
        {
            "shots": "mcp",
            "opt_time": 22.849438190460205,
            "func_calls": 8,
            "acc": -7.492,
            "time_res": {
                "quantum_runtime": [
                    3.4240550994873047,
                    2.829827070236206,
                    3.8289694786071777,
                    4.401808261871338,
                    4.427273750305176,
                    3.143688917160034,
                    3.3229830265045166,
                    2.8015642166137695
                ],
                "time_per_step": {
                    "total job time": 3.3496816158294678,
                    "schedule": 3.2880000000000007,
                    "running": 0.04834771156311035,
                    "compile": 2.0716946125030518
                },
                "iterations": 8
            }
        }
    ]
}