{
    "qfunc": "mcp",
    "backend_tag": "qblox_dummy_cluster",
    "data": [
        {
            "shots": "mcp",
            "opt_time": 17.408355951309204,
            "func_calls": 8,
            "acc": -3.648,
            "time_res": {
                "quantum_runtime": [
                    2.9718191623687744,
                    2.5888936519622803,
                    2.529538154602051,
                    2.539358377456665,
                    2.393618106842041,
                    2.540940761566162,
                    2.253885269165039,
                    2.3709142208099365
                ],
                "time_per_step": {
                    "total job time": 1.6242446899414062,
                    "schedule": 3.2675199999999998,
                    "running": 0.032967567443847656,
                    "compile": 1.217308521270752
                },
                "iterations": 8
            }
        }
    ]
}