{
    "qfunc": "mcp",
    "backend_tag": "qblox_dummy_cluster",
    "data": [
        {
            "shots": "mcp",
            "opt_time": 1.5416250228881836,
            "func_calls": 5,
            "acc": -0.0,
            "time_res": {
                "quantum_runtime": [
                    0.5394554138183594,
                    0.5619091987609863,
                    0.42383575439453125,
                    0.4575765132904053,
                    0.48499298095703125
                ],
                "time_per_step": {
                    "total job time": 0.6365611553192139,
                    "schedule": 2.0238,
                    "running": 0.014476776123046875,
                    "compile": 0.2938084602355957
                },
                "iterations": 5
            }
        }
    ]
}