{
    "qfunc": "mcp",
    "backend_tag": "qblox_dummy_cluster",
    "data": [
        {
            "shots": "mcp",
            "opt_time": 34.88266348838806,
            "func_calls": 11,
            "acc": -5.539,
            "time_res": {
                "quantum_runtime": [
                    5.71933126449585,
                    2.95346999168396,
                    2.6540000438690186,
                    3.198235034942627,
                    3.028282403945923,
                    3.9436566829681396,
                    4.400614500045776,
                    5.92059588432312,
                    4.451902627944946,
                    2.6772830486297607,
                    2.6846988201141357
                ],
                "time_per_step": {
                    "total job time": 3.773296356201172,
                    "schedule": 4.506120000000001,
                    "running": 0.06933879852294922,
                    "compile": 3.1021833419799805
                },
                "iterations": 11
            }
        }
    ]
}