{
    "qfunc": "mcp",
    "backend_tag": "qblox_dummy_cluster",
    "data": [
        {
            "shots": "mcp",
            "opt_time": 20.584842443466187,
            "func_calls": 11,
            "acc": -8.534,
            "time_res": {
                "quantum_runtime": [
                    2.544898509979248,
                    2.913663148880005,
                    2.8958852291107178,
                    2.128645896911621,
                    2.5147812366485596,
                    2.1432204246520996,
                    2.154015302658081,
                    2.140443801879883,
                    3.169250011444092,
                    2.70426082611084,
                    2.4265084266662598
                ],
                "time_per_step": {
                    "total job time": 3.886824131011963,
                    "schedule": 4.520200000000001,
                    "running": 0.0579380989074707,
                    "compile": 3.3524487018585205
                },
                "iterations": 11
            }
        }
    ]
}