{
    "qfunc": "mcp",
    "backend_tag": "qblox_dummy_cluster",
    "data": [
        {
            "shots": "mcp",
            "opt_time": 20.30104660987854,
            "func_calls": 8,
            "acc": -10.05,
            "time_res": {
                "quantum_runtime": [
                    3.6794180870056152,
                    3.5020408630371094,
                    3.500514268875122,
                    2.627681016921997,
                    3.2040112018585205,
                    3.330233335494995,
                    2.7748522758483887,
                    3.7481577396392822
                ],
                "time_per_step": {
                    "total job time": 3.2520391941070557,
                    "schedule": 3.3072000000000004,
                    "running": 0.04899096488952637,
                    "compile": 2.8969905376434326
                },
                "iterations": 8
            }
        }
    ]
}