{
    "qfunc": "mcp",
    "backend_tag": "qblox_dummy_cluster",
    "data": [
        {
            "shots": "mcp",
            "opt_time": 13.504958391189575,
            "func_calls": 8,
            "acc": -6.504,
            "time_res": {
                "quantum_runtime": [
                    2.686227798461914,
                    2.441797971725464,
                    2.2737863063812256,
                    1.9534754753112793,
                    2.652661085128784,
                    2.1728711128234863,
                    2.1876089572906494,
                    1.85371994972229
                ],
                "time_per_step": {
                    "total job time": 2.975476026535034,
                    "schedule": 3.2777600000000007,
                    "running": 0.04281759262084961,
                    "compile": 1.7928547859191895
                },
                "iterations": 8
            }
        }
    ]
}