{
    "qfunc": "mcp",
    "backend_tag": "qblox_dummy_cluster",
    "data": [
        {
            "shots": "mcp",
            "opt_time": 19.71767497062683,
            "func_calls": 8,
            "acc": -11.967,
            "time_res": {
                "quantum_runtime": [
                    4.126071453094482,
                    2.9768247604370117,
                    3.6163790225982666,
                    3.8159475326538086,
                    3.5241661071777344,
                    2.9479012489318848,
                    2.5099828243255615,
                    2.3643991947174072
                ],
                "time_per_step": {
                    "total job time": 3.506331443786621,
                    "schedule": 3.3084800000000003,
                    "running": 0.047980546951293945,
                    "compile": 2.7488813400268555
                },
                "iterations": 8
            }
        }
    ]
}