{
    "qfunc": "mcp",
    "backend_tag": "qblox_dummy_cluster",
    "data": [
        {
            "shots": "mcp",
            "opt_time": 23.858901262283325,
            "func_calls": 8,
            "acc": -9.499,
            "time_res": {
                "quantum_runtime": [
                    4.169377088546753,
                    3.274625539779663,
                    3.2497286796569824,
                    3.3482959270477295,
                    3.8874876499176025,
                    2.9524405002593994,
                    3.0781025886535645,
                    4.806393146514893
                ],
                "time_per_step": {
                    "total job time": 2.6798245906829834,
                    "schedule": 3.2982400000000007,
                    "running": 0.04732465744018555,
                    "compile": 2.326388359069824
                },
                "iterations": 8
            }
        }
    ]
}