{
    "qfunc": "mcp",
    "backend_tag": "qblox_dummy_cluster",
    "data": [
        {
            "shots": "mcp",
            "opt_time": 14.947274446487427,
            "func_calls": 8,
            "acc": -4.518,
            "time_res": {
                "quantum_runtime": [
                    2.001521110534668,
                    2.0188355445861816,
                    2.658186197280884,
                    2.3674824237823486,
                    2.4726386070251465,
                    2.3373255729675293,
                    1.989119052886963,
                    2.8487188816070557
                ],
                "time_per_step": {
                    "total job time": 2.2175121307373047,
                    "schedule": 3.2675199999999998,
                    "running": 0.05044150352478027,
                    "compile": 1.5877165794372559
                },
                "iterations": 8
            }
        }
    ]
}