{
    "qfunc": "mcp",
    "backend_tag": "qblox_dummy_cluster",
    "data": [
        {
            "shots": "mcp",
            "opt_time": 0.4577956199645996,
            "func_calls": 37,
            "acc": -9.478,
            "time_res": {
                "quantum_runtime": [
                    4.4364964962005615,
                    3.401050329208374,
                    3.019890785217285,
                    3.0089662075042725,
                    3.1754305362701416,
                    3.9089646339416504,
                    5.32113790512085,
                    10.329913854598999,
                    3.432922124862671,
                    2.4858105182647705,
                    2.5245602130889893,
                    3.8418025970458984,
                    4.53230619430542,
                    23.43287682533264,
                    3.094067335128784,
                    2.49748158454895,
                    3.841181993484497,
                    2.7989792823791504,
                    2.6822831630706787,
                    6.801159858703613,
                    4.551841735839844,
                    4.0016560554504395,
                    3.105273723602295,
                    2.8853447437286377,
                    3.8757026195526123,
                    3.9206385612487793,
                    4.38217568397522,
                    4.812264919281006,
                    6.254186630249023,
                    4.289916515350342,
                    3.0031588077545166,
                    2.796511650085449,
                    2.583791971206665,
                    2.403394937515259,
                    2.471040725708008,
                    2.6603009700775146,
                    2.428035259246826
                ],
                "time_per_step": {
                    "total job time": 18.259576082229614,
                    "schedule": 15.257720000000004,
                    "running": 0.2623100280761719,
                    "compile": 13.574816703796387
                },
                "iterations": 37
            }
        }
    ]
}