{
    "qfunc": "mcp",
    "backend_tag": "qblox_cluster",
    "data": [
        {
            "shots": "mcp",
            "opt_time": 1.0146872997283936,
            "func_calls": 5,
            "acc": -0.0,
            "time_res": {
                "quantum_runtime": [
                    1.673703670501709,
                    1.659240484237671,
                    1.6429853439331055,
                    1.6163983345031738,
                    1.7092461585998535
                ],
                "time_per_step": {
                    "total job time": 7.027218341827393,
                    "schedule": 1.9982000000000002,
                    "running": 4.109198570251465,
                    "compile": 0.2621021270751953
                },
                "iterations": 5
            }
        },
        {
            "shots": "mcp",
            "opt_time": 0.9343268871307373,
            "func_calls": 5,
            "acc": -0.0,
            "time_res": {
                "quantum_runtime": [
                    1.6577060222625732,
                    1.6743595600128174,
                    1.6121761798858643,
                    1.6217854022979736,
                    1.586944580078125
                ],
                "time_per_step": {
                    "total job time": 6.9553821086883545,
                    "schedule": 1.9982000000000002,
                    "running": 4.120619535446167,
                    "compile": 0.26537346839904785
                },
                "iterations": 5
            }
        },
        {
            "shots": "mcp",
            "opt_time": 1.0168323516845703,
            "func_calls": 5,
            "acc": -0.0,
            "time_res": {
                "quantum_runtime": [
                    1.6052842140197754,
                    1.743685245513916,
                    1.641981840133667,
                    1.595106840133667,
                    1.6242585182189941
                ],
                "time_per_step": {
                    "total job time": 6.929901599884033,
                    "schedule": 1.9982000000000002,
                    "running": 4.136313438415527,
                    "compile": 0.2659130096435547
                },
                "iterations": 5
            }
        },
        {
            "shots": "mcp",
            "opt_time": 1.0448675155639648,
            "func_calls": 5,
            "acc": -0.0,
            "time_res": {
                "quantum_runtime": [
                    1.6401164531707764,
                    1.6242966651916504,
                    1.618422269821167,
                    1.7328860759735107,
                    1.6606638431549072
                ],
                "time_per_step": {
                    "total job time": 6.989207744598389,
                    "schedule": 1.9982000000000002,
                    "running": 4.136873483657837,
                    "compile": 0.2444751262664795
                },
                "iterations": 5
            }
        },
        {
            "shots": "mcp",
            "opt_time": 0.880054235458374,
            "func_calls": 5,
            "acc": -0.0,
            "time_res": {
                "quantum_runtime": [
                    1.5983378887176514,
                    1.598179578781128,
                    1.6520309448242188,
                    1.6014087200164795,
                    1.597907304763794
                ],
                "time_per_step": {
                    "total job time": 6.936648368835449,
                    "schedule": 1.9982000000000002,
                    "running": 4.095392465591431,
                    "compile": 0.2334728240966797
                },
                "iterations": 5
            }
        },
        {
            "shots": "mcp",
            "opt_time": 0.9522261619567871,
            "func_calls": 5,
            "acc": -0.0,
            "time_res": {
                "quantum_runtime": [
                    1.700892448425293,
                    1.5020713806152344,
                    1.3682115077972412,
                    1.4224119186401367,
                    1.534883975982666
                ],
                "time_per_step": {
                    "total job time": 6.1910552978515625,
                    "schedule": 1.9982000000000002,
                    "running": 4.1079487800598145,
                    "compile": 0.3873004913330078
                },
                "iterations": 5
            }
        },
        {
            "shots": "mcp",
            "opt_time": 1.0074877738952637,
            "func_calls": 5,
            "acc": -0.0,
            "time_res": {
                "quantum_runtime": [
                    1.4181184768676758,
                    1.353670597076416,
                    1.5046606063842773,
                    1.4252796173095703,
                    1.40462327003479
                ],
                "time_per_step": {
                    "total job time": 5.845977306365967,
                    "schedule": 1.9982000000000002,
                    "running": 3.9837865829467773,
                    "compile": 0.25516653060913086
                },
                "iterations": 5
            }
        },
        {
            "shots": "mcp",
            "opt_time": 0.9393978118896484,
            "func_calls": 5,
            "acc": -0.0,
            "time_res": {
                "quantum_runtime": [
                    1.4879672527313232,
                    1.4063091278076172,
                    1.3386626243591309,
                    1.392082691192627,
                    1.3917858600616455
                ],
                "time_per_step": {
                    "total job time": 5.838139057159424,
                    "schedule": 1.9982000000000002,
                    "running": 3.9388468265533447,
                    "compile": 0.2413949966430664
                },
                "iterations": 5
            }
        },
        {
            "shots": "mcp",
            "opt_time": 0.9089560508728027,
            "func_calls": 5,
            "acc": -0.0,
            "time_res": {
                "quantum_runtime": [
                    1.516505479812622,
                    1.465761661529541,
                    1.3211638927459717,
                    1.4183850288391113,
                    1.449150800704956
                ],
                "time_per_step": {
                    "total job time": 5.868919372558594,
                    "schedule": 1.9982000000000002,
                    "running": 3.9735162258148193,
                    "compile": 0.3951866626739502
                },
                "iterations": 5
            }
        },
        {
            "shots": "mcp",
            "opt_time": 0.9934830665588379,
            "func_calls": 5,
            "acc": -0.0,
            "time_res": {
                "quantum_runtime": [
                    1.3736724853515625,
                    1.4879469871520996,
                    1.3428905010223389,
                    1.4024126529693604,
                    1.4955787658691406
                ],
                "time_per_step": {
                    "total job time": 5.846617937088013,
                    "schedule": 1.9982000000000002,
                    "running": 3.924480438232422,
                    "compile": 0.26453518867492676
                },
                "iterations": 5
            }
        },
        {
            "shots": "mcp",
            "opt_time": 0.8917863368988037,
            "func_calls": 5,
            "acc": -0.0,
            "time_res": {
                "quantum_runtime": [
                    1.4351069927215576,
                    1.4778327941894531,
                    1.4136576652526855,
                    1.4016978740692139,
                    1.5215201377868652
                ],
                "time_per_step": {
                    "total job time": 5.960475921630859,
                    "schedule": 1.9982000000000002,