{
    "qfunc": "mcp",
    "backend_tag": "qblox_cluster",
    "data": [
        {
            "shots": "mcp",
            "opt_time": 2.3921475410461426,
            "func_calls": 5,
            "acc": -0.0,
            "time_res": {
                "quantum_runtime": [
                    2.213649272918701,
                    2.2185518741607666,
                    2.109936237335205,
                    2.186354875564575,
                    2.094306707382202
                ],
                "time_per_step": {
                    "total job time": 8.025136947631836,
                    "schedule": 1.9982000000000002,
                    "running": 4.201245307922363,
                    "compile": 0.41273951530456543
                },
                "iterations": 5
            }
        },
        {
            "shots": "mcp",
            "opt_time": 2.55304217338562,
            "func_calls": 5,
            "acc": -0.0,
            "time_res": {
                "quantum_runtime": [
                    2.1848840713500977,
                    2.1404988765716553,
                    2.2649688720703125,
                    2.0921671390533447,
                    2.1669423580169678
                ],
                "time_per_step": {
                    "total job time": 7.962717533111572,
                    "schedule": 1.9982000000000002,
                    "running": 4.183701753616333,
                    "compile": 0.34060025215148926
                },
                "iterations": 5
            }
        },
        {
            "shots": "mcp",
            "opt_time": 2.5920724868774414,
            "func_calls": 5,
            "acc": -0.0,
            "time_res": {
                "quantum_runtime": [
                    2.132741928100586,
                    2.132995128631592,
                    2.297926902770996,
                    2.186333656311035,
                    2.165417194366455
                ],
                "time_per_step": {
                    "total job time": 7.99459981918335,
                    "schedule": 1.9982000000000002,
                    "running": 4.2832865715026855,
                    "compile": 0.33571696281433105
                },
                "iterations": 5
            }
        },
        {
            "shots": "mcp",
            "opt_time": 2.5040974617004395,
            "func_calls": 5,
            "acc": -0.0,
            "time_res": {
                "quantum_runtime": [
                    2.1599011421203613,
                    2.121540069580078,
                    2.1047849655151367,
                    2.178460121154785,
                    2.2448809146881104
                ],
                "time_per_step": {
                    "total job time": 7.995085954666138,
                    "schedule": 1.9982000000000002,
                    "running": 4.220050573348999,
                    "compile": 0.31662487983703613
                },
                "iterations": 5
            }
        },
        {
            "shots": "mcp",
            "opt_time": 2.68371319770813,
            "func_calls": 5,
            "acc": -0.0,
            "time_res": {
                "quantum_runtime": [
                    2.1959621906280518,
                    2.1465799808502197,
                    2.200864553451538,
                    2.1418073177337646,
                    2.358736515045166
                ],
                "time_per_step": {
                    "total job time": 8.00985598564148,
                    "schedule": 1.9982000000000002,
                    "running": 4.249116897583008,
                    "compile": 0.35739707946777344
                },
                "iterations": 5
            }
        },
        {
            "shots": "mcp",
            "opt_time": 2.73125958442688,
            "func_calls": 5,
            "acc": -0.0,
            "time_res": {
                "quantum_runtime": [
                    2.3189926147460938,
                    1.876847267150879,
                    1.9507946968078613,
                    1.9732141494750977,
                    1.8698008060455322
                ],
                "time_per_step": {
                    "total job time": 6.777918577194214,
                    "schedule": 1.9982000000000002,
                    "running": 3.951521635055542,
                    "compile": 0.48740100860595703
                },
                "iterations": 5
            }
        },
        {
            "shots": "mcp",
            "opt_time": 2.787973403930664,
            "func_calls": 5,
            "acc": -0.0,
            "time_res": {
                "quantum_runtime": [
                    1.8905086517333984,
                    1.9221622943878174,
                    1.8766553401947021,
                    2.061997652053833,
                    1.896723747253418
                ],
                "time_per_step": {
                    "total job time": 6.495547533035278,
                    "schedule": 1.9982000000000002,
                    "running": 4.02315092086792,
                    "compile": 0.37143397331237793
                },
                "iterations": 5
            }
        },
        {
            "shots": "mcp",
            "opt_time": 2.781482696533203,
            "func_calls": 5,
            "acc": -0.0,
            "time_res": {
                "quantum_runtime": [
                    1.8656368255615234,
                    1.9275662899017334,
                    1.9330849647521973,
                    1.9093866348266602,
                    2.011979579925537
                ],
                "time_per_step": {
                    "total job time": 6.481990098953247,
                    "schedule": 1.9982000000000002,
                    "running": 3.983994245529175,
                    "compile": 0.39087653160095215
                },
                "iterations": 5
            }
        },
        {
            "shots": "mcp",
            "opt_time": 2.7705278396606445,
            "func_calls": 5,
            "acc": -0.0,
            "time_res": {
                "quantum_runtime": [
                    1.9270799160003662,
                    1.8895299434661865,
                    2.003145933151245,
                    2.022245168685913,
                    1.8868143558502197
                ],
                "time_per_step": {
                    "total job time": 6.6064136028289795,
                    "schedule": 1.9982000000000002,
                    "running": 4.022848129272461,
                    "compile": 0.358809232711792
                },
                "iterations": 5
            }
        },
        {
            "shots": "mcp",
            "opt_time": 2.8671939373016357,
            "func_calls": 5,
            "acc": -0.0,
            "time_res": {
                "quantum_runtime": [
                    1.9066624641418457,
                    1.9922165870666504,
                    1.963735818862915,
                    1.890601396560669,
                    1.9414002895355225
                ],
                "time_per_step": {
                    "total job time": 6.444786548614502,
                    "schedule": 1.9982000000000002,
                    "running": 3.9810070991516113,
                    "compile": 0.3894476890563965
                },
                "iterations": 5
            }
        },
        {
            "shots": "mcp",
            "opt_time": 3.08512282371521,
            "func_calls": 5,
            "acc": -0.0,
            "time_res": {
                "quantum_runtime": [
                    1.9051318168640137,
                    2.0777878761291504,
                    2.0302138328552246,
                    2.0584638118743896,
                    1.9623830318450928
                ],
                "time_per_step": {
                    "total job time": 6.544071912765503,
                    "schedule": 1.9982000000000002,