{
    "qfunc": "mcp",
    "backend_tag": "qblox_dummy_cluster",
    "data": [
        {
            "shots": "mcp",
            "opt_time": 0.061109066009521484,
            "func_calls": 8,
            "acc": -5.498,
            "time_res": {
                "quantum_runtime": [
                    2.5460236072540283,
                    2.4666671752929688,
                    2.1466236114501953,
                    2.561974287033081,
                    2.1411349773406982,
                    2.180654764175415,
                    2.2885026931762695,
                    2.426816463470459
                ],
                "time_per_step": {
                    "total job time": 2.312467575073242,
                    "schedule": 3.2777600000000007,
                    "running": 0.02940511703491211,
                    "compile": 1.2969996929168701
                },
                "iterations": 8
            }
        }
    ]
}