{
    "qfunc": "mcp",
    "backend_tag": "qblox_dummy_cluster",
    "data": [
        {
            "shots": "mcp",
            "opt_time": 0.030158519744873047,
            "func_calls": 8,
            "acc": -11.377,
            "time_res": {
                "quantum_runtime": [
                    1.6968438625335693,
                    1.0834999084472656,
                    1.3950519561767578,
                    1.29547119140625,
                    1.282346487045288,
                    1.1937260627746582,
                    0.909947395324707,
                    0.9261317253112793
                ],
                "time_per_step": {
                    "total job time": 1.3579223155975342,
                    "schedule": 3.31744,
                    "running": 0.022948026657104492,
                    "compile": 1.5049502849578857
                },
                "iterations": 8
            }
        },
        {
            "shots": "mcp",
            "opt_time": 0.028653383255004883,
            "func_calls": 8,
            "acc": -11.249,
            "time_res": {
                "quantum_runtime": [
                    1.3902621269226074,
                    1.094221830368042,
                    1.3484482765197754,
                    1.3810985088348389,
                    1.289595127105713,
                    1.1416330337524414,
                    1.0026512145996094,
                    0.9017696380615234
                ],
                "time_per_step": {
                    "total job time": 1.2096667289733887,
                    "schedule": 3.31744,
                    "running": 0.022764205932617188,
                    "compile": 1.418389081954956
                },
                "iterations": 8
            }
        },
        {
            "shots": "mcp",
            "opt_time": 0.029196739196777344,
            "func_calls": 8,
            "acc": -11.4,
            "time_res": {
                "quantum_runtime": [
                    1.2995398044586182,
                    1.1738312244415283,
                    1.3763201236724854,
                    1.3176665306091309,
                    1.433321475982666,
                    1.118398666381836,
                    0.9703059196472168,
                    1.0316674709320068
                ],
                "time_per_step": {
                    "total job time": 1.2085423469543457,
                    "schedule": 3.31744,
                    "running": 0.023064136505126953,
                    "compile": 1.4392035007476807
                },
                "iterations": 8
            }
        },
        {
            "shots": "mcp",
            "opt_time": 0.02943706512451172,
            "func_calls": 8,
            "acc": -11.364,
            "time_res": {
                "quantum_runtime": [
                    1.338597059249878,
                    1.1518049240112305,
                    1.5251305103302002,
                    1.3769135475158691,
                    1.3568370342254639,
                    1.2365875244140625,
                    0.9071626663208008,
                    0.9454545974731445
                ],
                "time_per_step": {
                    "total job time": 1.2335762977600098,
                    "schedule": 3.31744,
                    "running": 0.02394247055053711,
                    "compile": 1.5401604175567627
                },
                "iterations": 8
            }
        },
        {
            "shots": "mcp",
            "opt_time": 0.03080296516418457,
            "func_calls": 8,
            "acc": -11.371,
            "time_res": {
                "quantum_runtime": [
                    1.4343969821929932,
                    1.1910929679870605,
                    1.3880796432495117,
                    1.465437889099121,
                    1.375568151473999,
                    1.150768756866455,
                    1.0601069927215576,
                    0.9786736965179443
                ],
                "time_per_step": {
                    "total job time": 1.2243115901947021,
                    "schedule": 3.31744,
                    "running": 0.023581266403198242,
                    "compile": 1.514711618423462
                },
                "iterations": 8
            }
        },
        {
            "shots": "mcp",
            "opt_time": 0.032547950744628906,
            "func_calls": 8,
            "acc": -11.372,
            "time_res": {
                "quantum_runtime": [
                    1.3818869590759277,
                    1.2924120426177979,
                    1.438607931137085,
                    1.379939079284668,
                    1.4396400451660156,
                    1.159712553024292,
                    0.9542679786682129,
                    1.0374913215637207
                ],
                "time_per_step": {
                    "total job time": 1.242459774017334,
                    "schedule": 3.31744,
                    "running": 0.02364802360534668,
                    "compile": 1.5065968036651611
                },
                "iterations": 8
            }
        },
        {
            "shots": "mcp",
            "opt_time": 0.030646324157714844,
            "func_calls": 8,
            "acc": -11.371,
            "time_res": {
                "quantum_runtime": [
                    1.358044147491455,
                    1.1918561458587646,
                    1.388089895248413,
                    1.4337491989135742,
                    1.3354365825653076,
                    1.192847490310669,
                    0.9262049198150635,
                    0.9297010898590088
                ],
                "time_per_step": {
                    "total job time": 1.245199203491211,
                    "schedule": 3.31744,
                    "running": 0.024481534957885742,
                    "compile": 1.4143474102020264
                },
                "iterations": 8
            }
        },
        {
            "shots": "mcp",
            "opt_time": 0.16337847709655762,
            "func_calls": 47,
            "acc": -11.332,