{
    "qfunc": "mcp",
    "backend_tag": "qblox_cluster",
    "data": [
        {
            "shots": "mcp",
            "opt_time": 14.820473194122314,
            "func_calls": 8,
            "acc": -5.466,
            "time_res": {
                "quantum_runtime": [
                    4.378448963165283,
                    3.6781184673309326,
                    3.656594753265381,
                    3.777156114578247,
                    3.6544547080993652,
                    3.228672981262207,
                    3.404266834259033,
                    3.3334333896636963
                ],
                "time_per_step": {
                    "total job time": 13.328149318695068,
                    "schedule": 3.197120000000001,
                    "running": 6.963883399963379,
                    "compile": 1.007338047027588
                },
                "iterations": 8
            }
        },
        {
            "shots": "mcp",
            "opt_time": 14.389932632446289,
            "func_calls": 8,
            "acc": -5.449,
            "time_res": {
                "quantum_runtime": [
                    3.8575172424316406,
                    3.563406467437744,
                    3.5706191062927246,
                    3.809122323989868,
                    3.7774016857147217,
                    3.185410499572754,
                    3.033865213394165,
                    3.121598720550537
                ],
                "time_per_step": {
                    "total job time": 12.468514680862427,
                    "schedule": 3.197120000000001,
                    "running": 6.891503572463989,
                    "compile": 1.1039531230926514
                },
                "iterations": 8
            }
        },
        {
            "shots": "mcp",
            "opt_time": 13.370835065841675,
            "func_calls": 8,
            "acc": -5.562,
            "time_res": {
                "quantum_runtime": [
                    3.720237970352173,
                    3.584477424621582,
                    3.5762054920196533,
                    3.7478866577148438,
                    3.626960039138794,
                    3.4763100147247314,
                    2.9191925525665283,
                    3.077991247177124
                ],
                "time_per_step": {
                    "total job time": 13.465659618377686,
                    "schedule": 3.197120000000001,
                    "running": 7.066375017166138,
                    "compile": 0.9352872371673584
                },
                "iterations": 8
            }
        },
        {
            "shots": "mcp",
            "opt_time": 18.586255073547363,
            "func_calls": 11,
            "acc": -5.564,
            "time_res": {
                "quantum_runtime": [
                    3.874835252761841,
                    3.48508358001709,
                    3.5709924697875977,
                    3.5023536682128906,
                    3.4001779556274414,
                    3.6830687522888184,
                    3.6818222999572754,
                    3.5307910442352295,
                    3.5897200107574463,
                    3.1235880851745605,
                    3.054107666015625
                ],
                "time_per_step": {
                    "total job time": 18.447967529296875,
                    "schedule": 4.396040000000001,
                    "running": 9.595256328582764,
                    "compile": 1.5224056243896484
                },
                "iterations": 11
            }
        },
        {
            "shots": "mcp",
            "opt_time": 14.07727336883545,
            "func_calls": 8,
            "acc": -5.452,
            "time_res": {
                "quantum_runtime": [
                    3.8099820613861084,
                    3.6014041900634766,
                    3.7123148441314697,
                    3.5319907665252686,
                    3.628458261489868,
                    3.5057263374328613,
                    3.8128461837768555,
                    3.6236732006073
                ],
                "time_per_step": {
                    "total job time": 14.201477766036987,
                    "schedule": 3.197120000000001,
                    "running": 6.98950719833374,
                    "compile": 0.9927272796630859
                },
                "iterations": 8
            }
        },
        {
            "shots": "mcp",
            "opt_time": 14.898507595062256,
            "func_calls": 8,
            "acc": -5.505,
            "time_res": {
                "quantum_runtime": [
                    3.6459102630615234,
                    3.651851177215576,
                    3.9772493839263916,
                    3.9410200119018555,
                    3.7820842266082764,
                    3.671506643295288,
                    3.0887908935546875,
                    3.329037666320801
                ],
                "time_per_step": {
                    "total job time": 13.108517408370972,
                    "schedule": 3.197120000000001,
                    "running": 6.870694637298584,
                    "compile": 1.1325089931488037
                },
                "iterations": 8
            }
        },
        {
            "shots": "mcp",
            "opt_time": 13.810072898864746,
            "func_calls": 8,
            "acc": -5.536,
            "time_res": {
                "quantum_runtime": [
                    3.7680509090423584,
                    3.729513645172119,
                    3.57540225982666,
                    3.738978624343872,
                    3.6229894161224365,
                    3.381821632385254,
                    2.843203067779541,
                    3.1063737869262695
                ],
                "time_per_step": {
                    "total job time": 12.996062994003296,
                    "schedule": 3.197120000000001,
                    "running": 6.838071584701538,
                    "compile": 1.0030193328857422
                },
                "iterations": 8
            }
        },
        {
            "shots": "mcp",
            "opt_time": 18.82827854156494,
            "func_calls": 11,
            "acc": -5.492,
            "time_res": {
                "quantum_runtime": [
                    3.8059420585632324,
                    3.5280768871307373,
                    3.3943042755126953,
                    3.6070587635040283,
                    3.5950241088867188,
                    3.482806921005249,
                    3.6316802501678467,
                    3.574995756149292,
                    3.7441418170928955,
                    3.026171922683716,
                    3.144110679626465
                ],
                "time_per_step": {
                    "total job time": 18.443634033203125,
                    "schedule": 4.396040000000001,
                    "running": 9.513816833496094,
                    "compile": 1.3218541145324707
                },
                "iterations": 11
            }
        },
        {
            "shots": "mcp",
            "opt_time": 14.0542573928833,
            "func_calls": 8,
            "acc": -5.542,
            "time_res": {
                "quantum_runtime": [
                    3.575270891189575,
                    3.534677505493164,
                    3.6444218158721924,
                    3.5990335941314697,
                    3.749185800552368,
                    3.5983834266662598,
                    3.616130828857422,
                    3.7225611209869385
                ],
                "time_per_step": {
                    "total job time": 14.084311723709106,
                    "schedule": 3.197120000000001,
                    "running": 6.959590435028076,
                    "compile": 0.9453737735748291
                },