{
    "qfunc": "mcp",
    "backend_tag": "qblox_cluster_threaded_start",
    "data": [
        {
            "shots": "mcp",
            "opt_time": 2.506237506866455,
            "func_calls": 8,
            "acc": -5.008,
            "time_res": {
                "quantum_runtime": [
                    2.058351755142212,
                    1.320324182510376,
                    1.371241569519043,
                    1.3429222106933594,
                    1.372180700302124,
                    1.3654017448425293,
                    1.3406531810760498,
                    1.3847007751464844
                ],
                "time_per_step": {
                    "total job time": 8.359244346618652,
                    "schedule": 2.7974800000000006,
                    "running": 4.562901496887207,
                    "compile": 0.6946229934692383
                },
                "iterations": 8
            }
        },
        {
            "shots": "mcp",
            "opt_time": 2.9171910285949707,
            "func_calls": 21,
            "acc": -5.032,
            "time_res": {
                "quantum_runtime": [
                    1.3442370891571045,
                    1.343132734298706,
                    1.330766201019287,
                    1.3371665477752686,
                    1.3377749919891357,
                    1.4157156944274902,
                    1.3067293167114258,
                    1.2763316631317139,
                    1.3157482147216797,
                    1.3899095058441162,
                    1.3096206188201904,
                    1.3527412414550781,
                    1.4357452392578125,
                    1.321397066116333,
                    1.3364450931549072,
                    1.3027005195617676,
                    1.3556137084960938,
                    1.4602952003479004,
                    1.3546686172485352,
                    1.4212977886199951,
                    1.3097708225250244
                ],
                "time_per_step": {
                    "total job time": 23.87466263771057,
                    "schedule": 7.992799999999999,
                    "running": 13.033987998962402,
                    "compile": 1.5758376121520996
                },
                "iterations": 21
            }
        },
        {
            "shots": "mcp",
            "opt_time": 1.9396326541900635,
            "func_calls": 8,
            "acc": -5.014,
            "time_res": {
                "quantum_runtime": [
                    1.3502204418182373,
                    1.3190929889678955,
                    1.3123314380645752,
                    1.3547427654266357,
                    1.3401975631713867,
                    1.5578463077545166,
                    1.4306344985961914,
                    1.4282543659210205
                ],
                "time_per_step": {
                    "total job time": 8.5556161403656,
                    "schedule": 2.7974800000000006,
                    "running": 4.592694997787476,
                    "compile": 0.6020462512969971
                },
                "iterations": 8
            }
        },
        {
            "shots": "mcp",
            "opt_time": 1.9202446937561035,
            "func_calls": 8,
            "acc": -5.047,
            "time_res": {
                "quantum_runtime": [
                    1.3510165214538574,
                    1.423063039779663,
                    1.3989598751068115,
                    1.3716087341308594,
                    1.450460433959961,
                    1.3111252784729004,
                    1.3588182926177979,
                    1.5349936485290527
                ],
                "time_per_step": {
                    "total job time": 8.680960893630981,
                    "schedule": 2.7974800000000006,
                    "running": 4.587011814117432,
                    "compile": 0.6027560234069824
                },
                "iterations": 8
            }
        },
        {
            "shots": "mcp",
            "opt_time": 1.8864176273345947,
            "func_calls": 8,
            "acc": -5.066,
            "time_res": {
                "quantum_runtime": [
                    1.3408522605895996,
                    1.3488681316375732,
                    1.431551218032837,
                    1.365929365158081,
                    1.3239011764526367,
                    1.3014249801635742,
                    1.3467860221862793,
                    1.3342459201812744
                ],
                "time_per_step": {
                    "total job time": 8.344546556472778,
                    "schedule": 2.7974800000000006,
                    "running": 4.5926289558410645,
                    "compile": 0.5661287307739258
                },
                "iterations": 8
            }
        },
        {
            "shots": "mcp",
            "opt_time": 2.85078501701355,
            "func_calls": 8,
            "acc": -5.018,
            "time_res": {
                "quantum_runtime": [
                    2.299884796142578,
                    1.3563284873962402,
                    1.3328227996826172,
                    1.4610779285430908,
                    1.3072428703308105,
                    1.2861292362213135,
                    1.3048858642578125,
                    1.3086209297180176
                ],
                "time_per_step": {
                    "total job time": 8.31047534942627,
                    "schedule": 2.7974800000000006,
                    "running": 4.484270811080933,
                    "compile": 0.4994962215423584
                },
                "iterations": 8
            }
        },
        {
            "shots": "mcp",
            "opt_time": 1.826814889907837,
            "func_calls": 8,
            "acc": -4.993,
            "time_res": {
                "quantum_runtime": [
                    1.3480119705200195,
                    1.3314101696014404,
                    1.4171245098114014,
                    1.3150970935821533,
                    1.347381591796875,
                    1.3170742988586426,
                    1.3405308723449707,
                    1.4053714275360107
                ],
                "time_per_step": {
                    "total job time": 8.308917999267578,
                    "schedule": 2.7974800000000006,
                    "running": 4.534621715545654,
                    "compile": 0.6905453205108643
                },
                "iterations": 8
            }
        }
    ]
}