{
    "qfunc": "mcp",
    "backend_tag": "qblox_dummy_cluster",
    "data": [
        {
            "shots": "mcp",
            "opt_time": 0.05412578582763672,
            "func_calls": 8,
            "acc": -3.511,
            "time_res": {
                "quantum_runtime": [
                    2.6104843616485596,
                    2.3637099266052246,
                    2.3956851959228516,
                    2.3348138332366943,
                    2.5370829105377197,
                    2.4400062561035156,
                    2.187094211578369,
                    1.8013317584991455
                ],
                "time_per_step": {
                    "total job time": 1.4089610576629639,
                    "schedule": 3.2675199999999998,
                    "running": 0.030281543731689453,
                    "compile": 1.0804460048675537
                },
                "iterations": 8
            }
        }
    ]
}