{
    "qfunc": "mcp",
    "backend_tag": "qblox_dummy_cluster",
    "data": [
        {
            "shots": "mcp",
            "opt_time": 0.04478955268859863,
            "func_calls": 8,
            "acc": -6.415,
            "time_res": {
                "quantum_runtime": [
                    1.8246867656707764,
                    1.9800078868865967,
                    2.148202419281006,
                    1.6259846687316895,
                    2.0047929286956787,
                    2.070195198059082,
                    1.4974796772003174,
                    1.6221718788146973
                ],
                "time_per_step": {
                    "total job time": 1.9965436458587646,
                    "schedule": 3.2777600000000007,
                    "running": 0.031052827835083008,
                    "compile": 1.7045836448669434
                },
                "iterations": 8
            }
        }
    ]
}