{
    "qfunc": "mcp",
    "backend_tag": "qblox_dummy_cluster",
    "data": [
        {
            "shots": "mcp",
            "opt_time": 0.07364940643310547,
            "func_calls": 8,
            "acc": -11.95,
            "time_res": {
                "quantum_runtime": [
                    3.878070592880249,
                    2.5830774307250977,
                    2.9317920207977295,
                    3.1024093627929688,
                    3.0343711376190186,
                    2.398585796356201,
                    1.7661235332489014,
                    1.9911656379699707
                ],
                "time_per_step": {
                    "total job time": 3.1038403511047363,
                    "schedule": 3.3084800000000003,
                    "running": 0.03553628921508789,
                    "compile": 2.4429659843444824
                },
                "iterations": 8
            }
        }
    ]
}