{
    "qfunc": "mcp",
    "backend_tag": "qblox_cluster",
    "data": [
        {
            "shots": "mcp",
            "opt_time": 0.10245943069458008,
            "func_calls": 8,
            "acc": -11.839,
            "time_res": {
                "quantum_runtime": [
                    4.919599771499634,
                    3.8016154766082764,
                    4.5774126052856445,
                    4.981809616088867,
                    4.733105182647705,
                    4.374499082565308,
                    3.564145565032959,
                    3.5522916316986084
                ],
                "time_per_step": {
                    "total job time": 18.06678557395935,
                    "schedule": 3.31872,
                    "running": 8.244490623474121,
                    "compile": 2.02382755279541
                },
                "iterations": 8
            }
        },
        {
            "shots": "mcp",
            "opt_time": 0.10067439079284668,
            "func_calls": 8,
            "acc": -11.944,
            "time_res": {
                "quantum_runtime": [
                    5.185317754745483,
                    4.745478391647339,
                    4.268694639205933,
                    4.677703619003296,
                    5.145777940750122,
                    4.914018630981445,
                    3.578451156616211,
                    3.630772113800049
                ],
                "time_per_step": {
                    "total job time": 18.244699239730835,
                    "schedule": 3.31872,
                    "running": 8.514373302459717,
                    "compile": 2.4265315532684326
                },
                "iterations": 8
            }
        },
        {
            "shots": "mcp",
            "opt_time": 0.11081624031066895,
            "func_calls": 8,
            "acc": -11.882,
            "time_res": {
                "quantum_runtime": [
                    5.485408067703247,
                    4.644289493560791,
                    4.9474382400512695,
                    5.473690032958984,
                    4.922658443450928,
                    4.637630224227905,
                    3.836061477661133,
                    3.6969966888427734
                ],
                "time_per_step": {
                    "total job time": 18.903894901275635,
                    "schedule": 3.31872,
                    "running": 8.520989418029785,
                    "compile": 2.235180139541626
                },
                "iterations": 8
            }
        },
        {
            "shots": "mcp",
            "opt_time": 0.12253737449645996,
            "func_calls": 8,
            "acc": -11.944,
            "time_res": {
                "quantum_runtime": [
                    5.1381940841674805,
                    5.066951751708984,
                    5.661358594894409,
                    5.723773717880249,
                    5.050215482711792,
                    4.566924810409546,
                    3.6374897956848145,
                    3.8042495250701904
                ],
                "time_per_step": {
                    "total job time": 19.5615017414093,
                    "schedule": 3.31872,
                    "running": 8.865406036376953,
                    "compile": 2.4706528186798096
                },
                "iterations": 8
            }
        },
        {
            "shots": "mcp",
            "opt_time": 0.0677790641784668,
            "func_calls": 8,
            "acc": -11.896,
            "time_res": {
                "quantum_runtime": [
                    4.969229459762573,
                    4.746955633163452,
                    5.009296655654907,
                    4.536420106887817,
                    4.554079294204712,
                    4.081551790237427,
                    3.1908624172210693,
                    3.169421911239624
                ],
                "time_per_step": {
                    "total job time": 19.604492664337158,
                    "schedule": 3.31872,
                    "running": 8.985065937042236,
                    "compile": 1.788773775100708
                },
                "iterations": 8
            }
        },
        {
            "shots": "mcp",
            "opt_time": 0.04945206642150879,
            "func_calls": 8,
            "acc": -11.975,
            "time_res": {
                "quantum_runtime": [
                    4.863779306411743,
                    3.8205440044403076,
                    4.338981628417969,
                    4.297643423080444,
                    4.318388938903809,
                    3.8801655769348145,
                    3.0233755111694336,
                    2.8731579780578613
                ],
                "time_per_step": {
                    "total job time": 18.824233055114746,
                    "schedule": 3.31872,
                    "running": 8.483663558959961,
                    "compile": 1.605597734451294
                },
                "iterations": 8
            }
        },
        {
            "shots": "mcp",
            "opt_time": 0.12183356285095215,
            "func_calls": 21,
            "acc": -11.942,
            "time_res": {
                "quantum_runtime": [
                    4.45009446144104,
                    3.9286115169525146,
                    4.153531789779663,
                    4.498144626617432,
                    4.129473686218262,
                    3.9220993518829346,
                    3.168341636657715,
                    2.961508274078369,
                    3.9591498374938965,
                    4.1877076625823975,
                    3.907212734222412,
                    3.8557920455932617,
                    4.164608716964722,
                    3.881895065307617,
                    4.003798961639404,
                    3.981062173843384,
                    4.12473726272583,
                    3.7371740341186523,
                    4.00653862953186,
                    3.213740348815918,
                    3.4741392135620117
                ],
                "time_per_step": {
                    "total job time": 48.209956884384155,
                    "schedule": 8.713719999999999,
                    "running": 22.218055725097656,
                    "compile": 4.3977577686309814
                },
                "iterations": 21
            }
        },
        {
            "shots": "mcp",
            "opt_time": 0.05035686492919922,
            "func_calls": 8,
            "acc": -11.896,
            "time_res": {
                "quantum_runtime": [
                    4.841162204742432,
                    3.9007022380828857,
                    4.18388295173645,
                    4.6033995151519775,
                    4.301088571548462,
                    4.095410108566284,
                    3.1616647243499756,
                    3.1288950443267822
                ],
                "time_per_step": {
                    "total job time": 18.180952310562134,
                    "schedule": 3.31872,
                    "running": 8.522021293640137,
                    "compile": 1.777188777923584
                },
                "iterations": 8
            }
        },
        {
            "shots": "mcp",
            "opt_time": 0.06489801406860352,
            "func_calls": 8,
            "acc": -11.903,
            "time_res": {
                "quantum_runtime": [
                    4.658372402191162,
                    4.249952793121338,
                    4.311321973800659,
                    4.377866983413696,
                    4.579356670379639,
                    4.173407554626465,
                    2.9293935298919678,
                    3.031630754470825
                ],
                "time_per_step": {
                    "total job time": 18.22624444961548,