{
    "qfunc": "mcp",
    "backend_tag": "qblox_cluster_dummy",
    "data": [
        {
            "shots": "mcp",
            "opt_time": 0.6690788269042969,
            "func_calls": 11,
            "acc": -3.6,
            "time_res": {
                "quantum_runtime": [
                    0.1965622901916504,
                    0.19343209266662598,
                    0.1982405185699463,
                    0.20798921585083008,
                    0.22042250633239746,
                    0.30414748191833496,
                    0.19625329971313477,
                    0.2066662311553955,
                    0.2053670883178711,
                    0.1938915252685547,
                    0.204636812210083
                ],
                "time_per_step": {
                    "total job time": 1.0671076774597168,
                    "schedule": 0.044382799999999986,
                    "running": 0.014074325561523438,
                    "compile": 0.6036875247955322
                },
                "iterations": 11
            }
        },
        {
            "shots": "mcp",
            "opt_time": 1.4762043952941895,
            "func_calls": 21,
            "acc": -3.5,
            "time_res": {
                "quantum_runtime": [
                    0.309337854385376,
                    0.2065143585205078,
                    0.21076464653015137,
                    0.2177448272705078,
                    0.20401930809020996,
                    0.20720267295837402,
                    0.21139311790466309,
                    0.3097984790802002,
                    0.20942282676696777,
                    0.2041168212890625,
                    0.2052476406097412,
                    0.19244647026062012,
                    0.19666814804077148,
                    0.2054126262664795,
                    0.3146696090698242,
                    0.2286665439605713,
                    0.22969579696655273,
                    0.20762038230895996,
                    0.21197772026062012,
                    0.20917463302612305,
                    0.20944690704345703
                ],
                "time_per_step": {
                    "total job time": 2.171983003616333,
                    "schedule": 0.08473080000000001,
                    "running": 0.034804582595825195,
                    "compile": 1.0619709491729736
                },
                "iterations": 21
            }
        }
    ]
}