{
    "qfunc": "mcp",
    "backend_tag": "qblox_dummy_cluster_tests",
    "data": [
        {
            "shots": "mcp",
            "opt_time": 0.01773381233215332,
            "func_calls": 5,
            "acc": -0.0,
            "time_res": {
                "quantum_runtime": [
                    1.4378490447998047,
                    1.2932517528533936,
                    1.257289171218872,
                    1.2390103340148926,
                    1.2569258213043213
                ],
                "time_per_step": {
                    "total job time": 0.6680188179016113,
                    "schedule": 1.9982000000000002,
                    "running": 0.014983892440795898,
                    "compile": 0.5247399806976318
                },
                "iterations": 5
            }
        }
    ]
}