{
    "qfunc": "mcp",
    "backend_tag": "qblox_cluster",
    "data": [
        {
            "shots": "mcp",
            "opt_time": 0.7206330299377441,
            "func_calls": 5,
            "acc": -0.0,
            "time_res": {
                "quantum_runtime": [
                    1.8734629154205322,
                    1.4741015434265137,
                    1.4728612899780273,
                    1.4446337223052979,
                    1.4322452545166016
                ],
                "time_per_step": {
                    "total job time": 6.7678303718566895,
                    "schedule": 1.9982000000000002,
                    "running": 4.043499231338501,
                    "compile": 0.21043992042541504
                },
                "iterations": 5
            }
        },
        {
            "shots": "mcp",
            "opt_time": 0.7544970512390137,
            "func_calls": 5,
            "acc": -0.0,
            "time_res": {
                "quantum_runtime": [
                    1.4530909061431885,
                    1.466456413269043,
                    1.4525172710418701,
                    1.5410370826721191,
                    1.4454386234283447
                ],
                "time_per_step": {
                    "total job time": 6.39428448677063,
                    "schedule": 1.9982000000000002,
                    "running": 4.020864486694336,
                    "compile": 0.2112119197845459
                },
                "iterations": 5
            }
        },
        {
            "shots": "mcp",
            "opt_time": 0.633659839630127,
            "func_calls": 5,
            "acc": -0.0,
            "time_res": {
                "quantum_runtime": [
                    1.4598455429077148,
                    1.4410207271575928,
                    1.4600868225097656,
                    1.4683864116668701,
                    1.4456286430358887
                ],
                "time_per_step": {
                    "total job time": 6.424759387969971,
                    "schedule": 1.9982000000000002,
                    "running": 4.062419414520264,
                    "compile": 0.21793580055236816
                },
                "iterations": 5
            }
        },
        {
            "shots": "mcp",
            "opt_time": 0.7301666736602783,
            "func_calls": 5,
            "acc": -0.0,
            "time_res": {
                "quantum_runtime": [
                    1.6280090808868408,
                    1.4532856941223145,
                    1.4162306785583496,
                    1.4481604099273682,
                    1.4532761573791504
                ],
                "time_per_step": {
                    "total job time": 6.4649436473846436,
                    "schedule": 1.9982000000000002,
                    "running": 4.094502687454224,
                    "compile": 0.20532846450805664
                },
                "iterations": 5
            }
        },
        {
            "shots": "mcp",
            "opt_time": 0.6496305465698242,
            "func_calls": 5,
            "acc": -0.0,
            "time_res": {
                "quantum_runtime": [
                    1.48655104637146,
                    1.4723234176635742,
                    1.4788637161254883,
                    1.5385127067565918,
                    1.4184179306030273
                ],
                "time_per_step": {
                    "total job time": 6.427579641342163,
                    "schedule": 1.9982000000000002,
                    "running": 4.045471668243408,
                    "compile": 0.3189668655395508
                },
                "iterations": 5
            }
        },
        {
            "shots": "mcp",
            "opt_time": 0.7815799713134766,
            "func_calls": 5,
            "acc": -0.0,
            "time_res": {
                "quantum_runtime": [
                    1.902407169342041,
                    1.366790533065796,
                    1.2799408435821533,
                    1.241978406906128,
                    1.2406847476959229
                ],
                "time_per_step": {
                    "total job time": 6.041642427444458,
                    "schedule": 1.9982000000000002,
                    "running": 3.8771443367004395,
                    "compile": 0.21026349067687988
                },
                "iterations": 5
            }
        },
        {
            "shots": "mcp",
            "opt_time": 0.7298328876495361,
            "func_calls": 5,
            "acc": -0.0,
            "time_res": {
                "quantum_runtime": [
                    1.2550466060638428,
                    1.276195764541626,
                    1.2326555252075195,
                    1.3015027046203613,
                    1.4336459636688232
                ],
                "time_per_step": {
                    "total job time": 5.553833484649658,
                    "schedule": 1.9982000000000002,
                    "running": 3.9181017875671387,
                    "compile": 0.21685147285461426
                },
                "iterations": 5
            }
        },
        {
            "shots": "mcp",
            "opt_time": 0.5991230010986328,
            "func_calls": 5,
            "acc": -0.0,
            "time_res": {
                "quantum_runtime": [
                    1.289513111114502,
                    1.3420236110687256,
                    1.2768874168395996,
                    1.2905867099761963,
                    1.281651258468628
                ],
                "time_per_step": {
                    "total job time": 5.674783945083618,
                    "schedule": 1.9982000000000002,
                    "running": 4.0671067237854,
                    "compile": 0.20828032493591309
                },
                "iterations": 5
            }
        },
        {
            "shots": "mcp",
            "opt_time": 0.7298195362091064,
            "func_calls": 5,
            "acc": -0.0,
            "time_res": {
                "quantum_runtime": [
                    1.2586216926574707,
                    1.2495591640472412,
                    1.4060699939727783,
                    1.290020227432251,
                    1.291144609451294
                ],
                "time_per_step": {
                    "total job time": 5.554972887039185,
                    "schedule": 1.9982000000000002,
                    "running": 3.9661149978637695,
                    "compile": 0.21202731132507324
                },
                "iterations": 5
            }
        },
        {
            "shots": "mcp",
            "opt_time": 0.5536375045776367,
            "func_calls": 5,
            "acc": -0.0,
            "time_res": {
                "quantum_runtime": [
                    1.2386341094970703,
                    1.2382385730743408,
                    1.2319588661193848,
                    1.2255113124847412,
                    1.2595386505126953
                ],
                "time_per_step": {
                    "total job time": 5.417625665664673,
                    "schedule": 1.9982000000000002,
                    "running": 3.843850612640381,
                    "compile": 0.22409582138061523
                },
                "iterations": 5
            }
        },
        {
            "shots": "mcp",
            "opt_time": 0.6951272487640381,
            "func_calls": 5,
            "acc": -0.0,
            "time_res": {
                "quantum_runtime": [
                    1.374753713607788,
                    1.2217605113983154,
                    1.1698873043060303,
                    1.2562830448150635,
                    1.2483532428741455
                ],
                "time_per_step": {
                    "total job time": 5.3624022006988525,
                    "schedule": 1.9982000000000002,