{
    "qfunc": "mcp",
    "backend_tag": "qblox_cluster",
    "data": [
        {
            "shots": "mcp",
            "opt_time": 10.393347263336182,
            "func_calls": 8,
            "acc": -6.67,
            "time_res": {
                "quantum_runtime": [
                    3.8118133544921875,
                    3.2164456844329834,
                    3.2806754112243652,
                    3.5609755516052246,
                    3.0956006050109863,
                    3.4554941654205322,
                    2.72499418258667,
                    2.8553366661071777
                ],
                "time_per_step": {
                    "total job time": 14.571141242980957,
                    "schedule": 3.197120000000001,
                    "running": 7.04310154914856,
                    "compile": 1.0698518753051758
                },
                "iterations": 8
            }
        },
        {
            "shots": "mcp",
            "opt_time": 13.581030130386353,
            "func_calls": 11,
            "acc": -6.554,
            "time_res": {
                "quantum_runtime": [
                    3.043600559234619,
                    3.2829127311706543,
                    3.257638931274414,
                    3.3285677433013916,
                    2.978595018386841,
                    2.975015163421631,
                    3.0596916675567627,
                    3.220646381378174,
                    3.2984087467193604,
                    2.6913511753082275,
                    2.9727673530578613
                ],
                "time_per_step": {
                    "total job time": 19.027523279190063,
                    "schedule": 4.396040000000001,
                    "running": 9.524075984954834,
                    "compile": 1.545729398727417
                },
                "iterations": 11
            }
        },
        {
            "shots": "mcp",
            "opt_time": 10.387233257293701,
            "func_calls": 8,
            "acc": -6.524,
            "time_res": {
                "quantum_runtime": [
                    3.1561279296875,
                    3.432112216949463,
                    3.27734112739563,
                    3.0601284503936768,
                    3.4724082946777344,
                    3.1940646171569824,
                    2.7353951930999756,
                    3.133660316467285
                ],
                "time_per_step": {
                    "total job time": 14.053415775299072,
                    "schedule": 3.197120000000001,
                    "running": 6.991400957107544,
                    "compile": 1.0547142028808594
                },
                "iterations": 8
            }
        },
        {
            "shots": "mcp",
            "opt_time": 10.131261825561523,
            "func_calls": 8,
            "acc": -6.455,
            "time_res": {
                "quantum_runtime": [
                    3.1195435523986816,
                    3.3087563514709473,
                    3.2275032997131348,
                    3.018312692642212,
                    3.179257869720459,
                    3.354475736618042,
                    2.5783770084381104,
                    3.2609407901763916
                ],
                "time_per_step": {
                    "total job time": 13.90248966217041,
                    "schedule": 3.197120000000001,
                    "running": 6.879232168197632,
                    "compile": 1.0495405197143555
                },
                "iterations": 8
            }
        },
        {
            "shots": "mcp",
            "opt_time": 37.489500284194946,
            "func_calls": 34,
            "acc": -6.483,
            "time_res": {
                "quantum_runtime": [
                    3.1405460834503174,
                    3.4134163856506348,
                    3.11423397064209,
                    2.9768729209899902,
                    2.9993362426757812,
                    3.005751371383667,
                    3.1541507244110107,
                    2.9581775665283203,
                    3.2655954360961914,
                    3.5225272178649902,
                    3.0318894386291504,
                    3.0450706481933594,
                    3.002838611602783,
                    2.82369065284729,
                    3.0309858322143555,
                    3.0076215267181396,
                    3.2963013648986816,
                    3.027923583984375,
                    3.1409130096435547,
                    3.090871572494507,
                    3.0294570922851562,
                    3.2410435676574707,
                    3.065007448196411,
                    3.028536796569824,
                    3.1157493591308594,
                    3.1661367416381836,
                    2.9487247467041016,
                    2.996678113937378,
                    2.9455504417419434,
                    3.2378504276275635,
                    3.035041093826294,
                    2.8750529289245605,
                    2.9716596603393555,
                    3.001690626144409
                ],
                "time_per_step": {
                    "total job time": 62.430073738098145,
                    "schedule": 13.587759999999996,
                    "running": 29.72660255432129,
                    "compile": 4.912703037261963
                },
                "iterations": 34
            }
        },
        {
            "shots": "mcp",
            "opt_time": 8.58875060081482,
            "func_calls": 8,
            "acc": -6.541,
            "time_res": {
                "quantum_runtime": [
                    2.8666024208068848,
                    3.125115156173706,
                    3.2480227947235107,
                    3.0382022857666016,
                    3.099982261657715,
                    2.7522082328796387,
                    2.9804458618164062,
                    3.226227045059204
                ],
                "time_per_step": {
                    "total job time": 14.510427951812744,
                    "schedule": 3.197120000000001,
                    "running": 6.92823338508606,
                    "compile": 1.2657122611999512
                },
                "iterations": 8
            }
        },
        {
            "shots": "mcp",
            "opt_time": 9.932764053344727,
            "func_calls": 8,
            "acc": -6.574,
            "time_res": {
                "quantum_runtime": [
                    2.9586193561553955,
                    3.0161147117614746,
                    3.103658437728882,
                    3.210706949234009,
                    3.1561219692230225,
                    3.2608914375305176,
                    2.7871901988983154,
                    2.9200327396392822
                ],
                "time_per_step": {
                    "total job time": 13.479053735733032,
                    "schedule": 3.197120000000001,
                    "running": 6.943164348602295,
                    "compile": 1.0324480533599854
                },
                "iterations": 8
            }
        },
        {
            "shots": "mcp",
            "opt_time": 9.778534889221191,
            "func_calls": 8,
            "acc": -6.485,
            "time_res": {
                "quantum_runtime": [
                    3.0344841480255127,
                    3.230224370956421,
                    3.3452882766723633,
                    3.1503055095672607,
                    3.050995111465454,
                    2.6346888542175293,
                    2.8423702716827393,
                    3.092249631881714
                ],
                "time_per_step": {
                    "total job time": 13.522695541381836,
                    "schedule": 3.197120000000001,
                    "running": 7.182154893875122,