{
    "qfunc": "mcp",
    "backend_tag": "qblox_dummy_cluster",
    "data": [
        {
            "shots": "mcp",
            "opt_time": 0.3303799629211426,
            "func_calls": 34,
            "acc": -7.445,
            "time_res": {
                "quantum_runtime": [
                    2.7717669010162354,
                    2.3584938049316406,
                    2.172722339630127,
                    2.3478620052337646,
                    2.6646106243133545,
                    2.6919450759887695,
                    1.9872827529907227,
                    2.0435256958007812,
                    2.3581039905548096,
                    2.4456238746643066,
                    2.2347869873046875,
                    2.2851951122283936,
                    2.6290111541748047,
                    2.262491226196289,
                    2.28139328956604,
                    2.306749105453491,
                    2.6870670318603516,
                    2.67429780960083,
                    2.304037570953369,
                    2.361994743347168,
                    4.34371542930603,
                    7.747993469238281,
                    5.736170768737793,
                    4.414353609085083,
                    4.0081727504730225,
                    10.264931678771973,
                    4.13678503036499,
                    2.789093017578125,
                    2.7182488441467285,
                    2.3269307613372803,
                    2.731872320175171,
                    2.6455304622650146,
                    2.4099490642547607,
                    2.148811101913452
                ],
                "time_per_step": {
                    "total job time": 12.09633183479309,
                    "schedule": 13.978160000000008,
                    "running": 0.17549633979797363,
                    "compile": 8.881554126739502
                },
                "iterations": 34
            }
        }
    ]
}