{
    "qfunc": "mcp",
    "backend_tag": "qblox_dummy_cluster_tests",
    "data": [
        {
            "shots": "mcp",
            "opt_time": 0.16655397415161133,
            "func_calls": 47,
            "acc": -11.389,
            "time_res": {
                "quantum_runtime": [
                    6.798681020736694,
                    3.30123233795166,
                    3.7058067321777344,
                    3.601810932159424,
                    3.5450494289398193,
                    3.438632011413574,
                    2.6943514347076416,
                    2.64264178276062,
                    3.459655284881592,
                    3.505260467529297,
                    3.3715343475341797,
                    3.3303580284118652,
                    3.4566211700439453,
                    3.6148107051849365,
                    3.4356043338775635,
                    3.54837703704834,
                    3.395951271057129,
                    3.4981741905212402,
                    3.443725824356079,
                    2.7373180389404297,
                    2.8040454387664795,
                    3.842754364013672,
                    3.546172618865967,
                    3.454591751098633,
                    3.5453717708587646,
                    3.3610332012176514,
                    3.596679925918579,
                    3.550801992416382,
                    3.466559886932373,
                    3.336543560028076,
                    3.5205390453338623,
                    3.41782546043396,
                    2.6504037380218506,
                    2.695920467376709,
                    3.448519706726074,
                    3.4363222122192383,
                    3.352646827697754,
                    3.3913424015045166,
                    3.3132095336914062,
                    3.3522024154663086,
                    3.442495107650757,
                    3.2608699798583984,
                    3.350024461746216,
                    3.444596529006958,
                    3.3670637607574463,
                    2.59287428855896,
                    2.7898008823394775
                ],
                "time_per_step": {
                    "total job time": 108.26123189926147,
                    "schedule": 18.783080000000005,
                    "running": 50.77049660682678,
                    "compile": 9.91212773323059
                },
                "iterations": 47
            }
        },
        {
            "shots": "mcp",
            "opt_time": 0.034119606018066406,
            "func_calls": 8,
            "acc": -11.466,
            "time_res": {
                "quantum_runtime": [
                    3.5632121562957764,
                    3.3238027095794678,
                    3.720778226852417,
                    3.5919299125671387,
                    3.596289873123169,
                    3.445375680923462,
                    2.6543469429016113,
                    2.6763172149658203
                ],
                "time_per_step": {
                    "total job time": 17.26075291633606,
                    "schedule": 3.197120000000001,
                    "running": 8.558199882507324,
                    "compile": 1.6104609966278076
                },
                "iterations": 8
            }
        },
        {
            "shots": "mcp",
            "opt_time": 0.2676823139190674,
            "func_calls": 60,
            "acc": -11.329,
            "time_res": {
                "quantum_runtime": [
                    3.582524061203003,
                    3.5422794818878174,
                    3.6206488609313965,
                    3.605473756790161,
                    3.739772319793701,
                    3.4755735397338867,
                    2.6803672313690186,
                    2.83563232421875,
                    3.5243523120880127,
                    3.52207350730896,
                    3.577031373977661,
                    3.4801180362701416,
                    3.3341009616851807,
                    3.4672043323516846,
                    4.0147929191589355,
                    3.3235697746276855,
                    3.449104070663452,
                    3.4521706104278564,
                    3.3202121257781982,
                    3.412832021713257,
                    3.475646495819092,
                    3.6590774059295654,
                    3.527571201324463,
                    3.6507835388183594,
                    5.729485034942627,
                    5.505205154418945,
                    6.005892038345337,
                    5.562381744384766,
                    5.698903322219849,
                    6.0264058113098145,
                    5.66682505607605,
                    5.554416179656982,
                    4.963541030883789,
                    3.8837687969207764,
                    3.302011251449585,
                    3.416883945465088,
                    3.3531105518341064,
                    3.4705798625946045,
                    3.6987979412078857,
                    3.418698310852051,
                    3.3909006118774414,
                    3.420804977416992,
                    3.5691440105438232,
                    3.4345381259918213,
                    3.351757764816284,
                    2.87026047706604,
                    2.7357263565063477,
                    3.4984443187713623,
                    3.8586013317108154,
                    3.3216187953948975,
                    3.396177291870117,
                    3.4699368476867676,
                    3.3583500385284424,
                    3.3519246578216553,
                    3.4720194339752197,
                    3.34917950630188,
                    3.4015021324157715,
                    3.468146562576294,
                    2.6891019344329834,
                    2.6379103660583496
                ],
                "time_per_step": {
                    "total job time": 139.97557306289673,
                    "schedule": 23.978400000000025,
                    "running": 65.6300151348114,
                    "compile": 16.4043288230896
                },
                "iterations": 60
            }
        },
        {
            "shots": "mcp",
            "opt_time": 0.028212785720825195,
            "func_calls": 8,
            "acc": -11.359,
            "time_res": {
                "quantum_runtime": [
                    3.6146538257598877,
                    3.3608741760253906,
                    3.596376657485962,
                    3.6792678833007812,
                    3.5746145248413086,
                    3.476322650909424,
                    2.7209112644195557,
                    2.7616567611694336
                ],
                "time_per_step": {
                    "total job time": 17.177581310272217,
                    "schedule": 3.197120000000001,
                    "running": 8.553708791732788,
                    "compile": 1.7167274951934814
                },
                "iterations": 8
            }
        },
        {
            "shots": "mcp",
            "opt_time": 0.02904510498046875,
            "func_calls": 8,
            "acc": -11.425,
            "time_res": {
                "quantum_runtime": [
                    3.5640981197357178,
                    3.3222708702087402,
                    3.659243106842041,
                    3.551152229309082,
                    3.597968578338623,
                    3.4758641719818115,
                    2.6192712783813477,
                    2.661930561065674
                ],
                "time_per_step": {
                    "total job time": 17.246203422546387,
                    "schedule": 3.197120000000001,
                    "running": 8.546409606933594,
                    "compile": 1.8324036598205566
                },
                "iterations": 8
            }
        },
        {
            "shots": "mcp",