{
    "qfunc": "mcp",
    "backend_tag": "qblox_cluster",
    "data": [
        {
            "shots": "mcp",
            "opt_time": 4.252288103103638,
            "func_calls": 5,
            "acc": -0.0,
            "time_res": {
                "quantum_runtime": [
                    2.761054277420044,
                    2.607659339904785,
                    2.6630699634552,
                    2.725696086883545,
                    2.6590850353240967
                ],
                "time_per_step": {
                    "total job time": 8.765596151351929,
                    "schedule": 1.9982000000000002,
                    "running": 4.368869781494141,
                    "compile": 0.41452693939208984
                },
                "iterations": 5
            }
        },
        {
            "shots": "mcp",
            "opt_time": 4.437620401382446,
            "func_calls": 5,
            "acc": -0.0,
            "time_res": {
                "quantum_runtime": [
                    2.784377336502075,
                    2.6184356212615967,
                    2.655883312225342,
                    2.6650733947753906,
                    2.610631227493286
                ],
                "time_per_step": {
                    "total job time": 8.545952796936035,
                    "schedule": 1.9982000000000002,
                    "running": 4.223605632781982,
                    "compile": 0.3655886650085449
                },
                "iterations": 5
            }
        },
        {
            "shots": "mcp",
            "opt_time": 4.324854612350464,
            "func_calls": 5,
            "acc": -0.0,
            "time_res": {
                "quantum_runtime": [
                    2.478623867034912,
                    2.7061245441436768,
                    2.617374897003174,
                    2.633758068084717,
                    2.6694157123565674
                ],
                "time_per_step": {
                    "total job time": 8.319732904434204,
                    "schedule": 1.9982000000000002,
                    "running": 4.171927213668823,
                    "compile": 0.47278523445129395
                },
                "iterations": 5
            }
        },
        {
            "shots": "mcp",
            "opt_time": 4.474769115447998,
            "func_calls": 5,
            "acc": -0.0,
            "time_res": {
                "quantum_runtime": [
                    2.6131086349487305,
                    2.7478411197662354,
                    2.6343657970428467,
                    2.699251890182495,
                    2.624228000640869
                ],
                "time_per_step": {
                    "total job time": 8.497883558273315,
                    "schedule": 1.9982000000000002,
                    "running": 4.265238046646118,
                    "compile": 0.3609428405761719
                },
                "iterations": 5
            }
        },
        {
            "shots": "mcp",
            "opt_time": 4.570028066635132,
            "func_calls": 5,
            "acc": -0.0,
            "time_res": {
                "quantum_runtime": [
                    2.688563823699951,
                    2.689009666442871,
                    2.6935787200927734,
                    2.5928099155426025,
                    2.713305950164795
                ],
                "time_per_step": {
                    "total job time": 8.436351299285889,
                    "schedule": 1.9982000000000002,
                    "running": 4.24755334854126,
                    "compile": 0.3834052085876465
                },
                "iterations": 5
            }
        },
        {
            "shots": "mcp",
            "opt_time": 5.398106336593628,
            "func_calls": 5,
            "acc": -0.0,
            "time_res": {
                "quantum_runtime": [
                    3.0649120807647705,
                    2.9319474697113037,
                    2.5350842475891113,
                    2.447925090789795,
                    2.438992738723755
                ],
                "time_per_step": {
                    "total job time": 7.5918638706207275,
                    "schedule": 1.9982000000000002,
                    "running": 4.107574939727783,
                    "compile": 0.4421536922454834
                },
                "iterations": 5
            }
        },
        {
            "shots": "mcp",
            "opt_time": 4.8689610958099365,
            "func_calls": 5,
            "acc": -0.0,
            "time_res": {
                "quantum_runtime": [
                    2.443639039993286,
                    2.560476541519165,
                    2.375697374343872,
                    2.4216768741607666,
                    2.4855124950408936
                ],
                "time_per_step": {
                    "total job time": 7.044677734375,
                    "schedule": 1.9982000000000002,
                    "running": 4.106052398681641,
                    "compile": 0.3860788345336914
                },
                "iterations": 5
            }
        },
        {
            "shots": "mcp",
            "opt_time": 4.938731908798218,
            "func_calls": 5,
            "acc": -0.0,
            "time_res": {
                "quantum_runtime": [
                    2.4262442588806152,
                    2.4367074966430664,
                    2.438551187515259,
                    2.7566628456115723,
                    2.4257383346557617
                ],
                "time_per_step": {
                    "total job time": 7.051347732543945,
                    "schedule": 1.9982000000000002,
                    "running": 4.048152446746826,
                    "compile": 0.5069985389709473
                },
                "iterations": 5
            }
        },
        {
            "shots": "mcp",
            "opt_time": 5.068294525146484,
            "func_calls": 5,
            "acc": -0.0,
            "time_res": {
                "quantum_runtime": [
                    2.5259459018707275,
                    2.4437484741210938,
                    2.5268044471740723,
                    2.380798816680908,
                    2.54001784324646
                ],
                "time_per_step": {
                    "total job time": 6.957302093505859,
                    "schedule": 1.9982000000000002,
                    "running": 4.1149210929870605,
                    "compile": 0.40419960021972656
                },
                "iterations": 5
            }
        },
        {
            "shots": "mcp",
            "opt_time": 4.829911708831787,
            "func_calls": 5,
            "acc": -0.0,
            "time_res": {
                "quantum_runtime": [
                    2.4105567932128906,
                    2.4575581550598145,
                    2.3547229766845703,
                    2.4580705165863037,
                    2.593224287033081
                ],
                "time_per_step": {
                    "total job time": 7.056955575942993,
                    "schedule": 1.9982000000000002,
                    "running": 4.1035120487213135,
                    "compile": 0.4009380340576172
                },
                "iterations": 5
            }
        },
        {
            "shots": "mcp",
            "opt_time": 5.212924003601074,
            "func_calls": 5,
            "acc": -0.0,
            "time_res": {
                "quantum_runtime": [
                    2.72042179107666,
                    2.417701482772827,
                    2.762425661087036,
                    2.4332542419433594,
                    2.5308892726898193
                ],
                "time_per_step": {
                    "total job time": 7.260122537612915,
                    "schedule": 1.9982000000000002,