{
    "qfunc": "mcp",
    "backend_tag": "qblox_dummy_cluster",
    "data": [
        {
            "shots": "mcp",
            "opt_time": 0.09400391578674316,
            "func_calls": 21,
            "acc": -4.552,
            "time_res": {
                "quantum_runtime": [
                    1.5807061195373535,
                    1.6615300178527832,
                    1.7388601303100586,
                    1.544443130493164,
                    1.4993534088134766,
                    1.4515769481658936,
                    1.6717162132263184,
                    1.4414658546447754,
                    1.4974651336669922,
                    1.4728672504425049,
                    1.6595101356506348,
                    1.5222008228302002,
                    1.4729304313659668,
                    1.4976320266723633,
                    1.577622890472412,
                    1.600440263748169,
                    1.4819061756134033,
                    1.5174741744995117,
                    1.5175788402557373,
                    1.5187997817993164,
                    1.6994154453277588
                ],
                "time_per_step": {
                    "total job time": 5.201948881149292,
                    "schedule": 8.57932,
                    "running": 0.07873821258544922,
                    "compile": 3.3871328830718994
                },
                "iterations": 21
            }
        }
    ]
}