{
    "qfunc": "mcp",
    "backend_tag": "qblox_cluster",
    "data": [
        {
            "shots": "mcp",
            "opt_time": 1.4203455448150635,
            "func_calls": 5,
            "acc": -0.0,
            "time_res": {
                "quantum_runtime": [
                    2.101457118988037,
                    1.8125038146972656,
                    1.8279943466186523,
                    1.8319873809814453,
                    1.870053768157959
                ],
                "time_per_step": {
                    "total job time": 7.5999932289123535,
                    "schedule": 1.9982000000000002,
                    "running": 4.188577651977539,
                    "compile": 0.4271101951599121
                },
                "iterations": 5
            }
        },
        {
            "shots": "mcp",
            "opt_time": 1.57560133934021,
            "func_calls": 5,
            "acc": -0.0,
            "time_res": {
                "quantum_runtime": [
                    1.8687987327575684,
                    1.8897695541381836,
                    1.8091778755187988,
                    1.8490095138549805,
                    1.8223085403442383
                ],
                "time_per_step": {
                    "total job time": 7.3905720710754395,
                    "schedule": 1.9982000000000002,
                    "running": 4.156479597091675,
                    "compile": 0.27680277824401855
                },
                "iterations": 5
            }
        },
        {
            "shots": "mcp",
            "opt_time": 1.529339075088501,
            "func_calls": 5,
            "acc": -0.0,
            "time_res": {
                "quantum_runtime": [
                    1.833216905593872,
                    1.875732183456421,
                    1.8770291805267334,
                    1.9090921878814697,
                    1.8519988059997559
                ],
                "time_per_step": {
                    "total job time": 7.543426990509033,
                    "schedule": 1.9982000000000002,
                    "running": 4.229940891265869,
                    "compile": 0.27793240547180176
                },
                "iterations": 5
            }
        },
        {
            "shots": "mcp",
            "opt_time": 1.4379725456237793,
            "func_calls": 5,
            "acc": -0.0,
            "time_res": {
                "quantum_runtime": [
                    1.8650946617126465,
                    1.797957181930542,
                    1.790454626083374,
                    1.983443021774292,
                    1.8122587203979492
                ],
                "time_per_step": {
                    "total job time": 7.4873738288879395,
                    "schedule": 1.9982000000000002,
                    "running": 4.155353546142578,
                    "compile": 0.3277111053466797
                },
                "iterations": 5
            }
        },
        {
            "shots": "mcp",
            "opt_time": 1.5372087955474854,
            "func_calls": 5,
            "acc": -0.0,
            "time_res": {
                "quantum_runtime": [
                    1.9055869579315186,
                    1.84065580368042,
                    1.8386547565460205,
                    1.807793378829956,
                    1.8969063758850098
                ],
                "time_per_step": {
                    "total job time": 7.43449592590332,
                    "schedule": 1.9982000000000002,
                    "running": 4.132480621337891,
                    "compile": 0.32160353660583496
                },
                "iterations": 5
            }
        },
        {
            "shots": "mcp",
            "opt_time": 1.4087021350860596,
            "func_calls": 5,
            "acc": -0.0,
            "time_res": {
                "quantum_runtime": [
                    2.1542959213256836,
                    1.6186778545379639,
                    1.5905630588531494,
                    1.5957002639770508,
                    1.6668658256530762
                ],
                "time_per_step": {
                    "total job time": 6.791723728179932,
                    "schedule": 1.9982000000000002,
                    "running": 4.123560428619385,
                    "compile": 0.42894744873046875
                },
                "iterations": 5
            }
        },
        {
            "shots": "mcp",
            "opt_time": 1.4058926105499268,
            "func_calls": 5,
            "acc": -0.0,
            "time_res": {
                "quantum_runtime": [
                    1.5964765548706055,
                    1.6471977233886719,
                    1.6801674365997314,
                    1.5988011360168457,
                    1.6000449657440186
                ],
                "time_per_step": {
                    "total job time": 6.297821760177612,
                    "schedule": 1.9982000000000002,
                    "running": 4.026322841644287,
                    "compile": 0.4223015308380127
                },
                "iterations": 5
            }
        },
        {
            "shots": "mcp",
            "opt_time": 1.413506269454956,
            "func_calls": 5,
            "acc": -0.0,
            "time_res": {
                "quantum_runtime": [
                    3.6344358921051025,
                    1.6011884212493896,
                    1.539548635482788,
                    1.6373577117919922,
                    1.6232194900512695
                ],
                "time_per_step": {
                    "total job time": 8.179396152496338,
                    "schedule": 1.9982000000000002,
                    "running": 4.1218554973602295,
                    "compile": 0.44635462760925293
                },
                "iterations": 5
            }
        },
        {
            "shots": "mcp",
            "opt_time": 1.2927088737487793,
            "func_calls": 5,
            "acc": -0.0,
            "time_res": {
                "quantum_runtime": [
                    1.5802719593048096,
                    1.5848326683044434,
                    1.6255979537963867,
                    1.5983598232269287,
                    1.5903019905090332
                ],
                "time_per_step": {
                    "total job time": 6.3763816356658936,
                    "schedule": 1.9982000000000002,
                    "running": 4.008808135986328,
                    "compile": 0.3136601448059082
                },
                "iterations": 5
            }
        },
        {
            "shots": "mcp",
            "opt_time": 1.5009653568267822,
            "func_calls": 5,
            "acc": -0.0,
            "time_res": {
                "quantum_runtime": [
                    1.7231042385101318,
                    1.5789542198181152,
                    1.5297801494598389,
                    1.5594143867492676,
                    1.6186373233795166
                ],
                "time_per_step": {
                    "total job time": 6.20771050453186,
                    "schedule": 1.9982000000000002,
                    "running": 4.013058662414551,
                    "compile": 0.3047337532043457
                },
                "iterations": 5
            }
        },
        {
            "shots": "mcp",
            "opt_time": 1.5362002849578857,
            "func_calls": 5,
            "acc": -0.0,
            "time_res": {
                "quantum_runtime": [
                    1.6000120639801025,
                    1.5999131202697754,
                    1.6758503913879395,
                    1.6075749397277832,
                    1.5585103034973145
                ],
                "time_per_step": {
                    "total job time": 6.2020792961120605,
                    "schedule": 1.9982000000000002,