{
    "qfunc": "mcp",
    "backend_tag": "qblox_dummy_cluster",
    "data": [
        {
            "shots": "mcp",
            "opt_time": 0.05388760566711426,
            "func_calls": 8,
            "acc": -11.978,
            "time_res": {
                "quantum_runtime": [
                    2.4361770153045654,
                    1.6435353755950928,
                    2.0737032890319824,
                    2.1695621013641357,
                    2.054163932800293,
                    1.662710189819336,
                    1.406825304031372,
                    1.3985888957977295
                ],
                "time_per_step": {
                    "total job time": 1.5486719608306885,
                    "schedule": 3.31872,
                    "running": 0.023893356323242188,
                    "compile": 1.8273937702178955
                },
                "iterations": 8
            }
        },
        {
            "shots": "mcp",
            "opt_time": 0.05094408988952637,
            "func_calls": 8,
            "acc": -11.937,
            "time_res": {
                "quantum_runtime": [
                    2.156212568283081,
                    1.6324217319488525,
                    2.0212337970733643,
                    2.1627655029296875,
                    1.9788103103637695,
                    1.5703439712524414,
                    1.5061869621276855,
                    1.35884690284729
                ],
                "time_per_step": {
                    "total job time": 1.3460218906402588,
                    "schedule": 3.31872,
                    "running": 0.023394346237182617,
                    "compile": 1.7730910778045654
                },
                "iterations": 8
            }
        },
        {
            "shots": "mcp",
            "opt_time": 0.05113863945007324,
            "func_calls": 8,
            "acc": -11.921,
            "time_res": {
                "quantum_runtime": [
                    2.0003609657287598,
                    1.6035120487213135,
                    1.9645273685455322,
                    1.9768452644348145,
                    2.027006149291992,
                    1.5624549388885498,
                    1.4048967361450195,
                    1.5190086364746094
                ],
                "time_per_step": {
                    "total job time": 1.3108327388763428,
                    "schedule": 3.31872,
                    "running": 0.023286819458007812,
                    "compile": 1.8267326354980469
                },
                "iterations": 8
            }
        },
        {
            "shots": "mcp",
            "opt_time": 0.054239511489868164,
            "func_calls": 8,
            "acc": -11.823,
            "time_res": {
                "quantum_runtime": [
                    2.145519733428955,
                    1.8103418350219727,
                    2.0670948028564453,
                    2.1381149291992188,
                    2.1560089588165283,
                    1.5702226161956787,
                    1.4232702255249023,
                    1.504842758178711
                ],
                "time_per_step": {
                    "total job time": 1.4134023189544678,
                    "schedule": 3.31872,
                    "running": 0.0257418155670166,
                    "compile": 1.703005075454712
                },
                "iterations": 8
            }
        },
        {
            "shots": "mcp",
            "opt_time": 0.05599784851074219,
            "func_calls": 8,
            "acc": -11.851,
            "time_res": {
                "quantum_runtime": [
                    2.103677988052368,
                    1.6224541664123535,
                    2.3760194778442383,
                    2.1167988777160645,
                    2.0489895343780518,
                    1.6755399703979492,
                    1.388437271118164,
                    1.339531660079956
                ],
                "time_per_step": {
                    "total job time": 1.3350610733032227,
                    "schedule": 3.31872,
                    "running": 0.02345108985900879,
                    "compile": 1.6355211734771729
                },
                "iterations": 8
            }
        },
        {
            "shots": "mcp",
            "opt_time": 0.052144765853881836,
            "func_calls": 8,
            "acc": -11.866,
            "time_res": {
                "quantum_runtime": [
                    2.1318447589874268,
                    1.5848915576934814,
                    2.0855135917663574,
                    2.1398727893829346,
                    1.9820594787597656,
                    1.597825288772583,
                    1.4882521629333496,
                    1.4130258560180664
                ],
                "time_per_step": {
                    "total job time": 1.323005199432373,
                    "schedule": 3.31872,
                    "running": 0.023394107818603516,
                    "compile": 1.833259105682373
                },
                "iterations": 8
            }
        },
        {
            "shots": "mcp",
            "opt_time": 0.05211830139160156,
            "func_calls": 8,
            "acc": -11.956,
            "time_res": {
                "quantum_runtime": [
                    2.199721097946167,
                    1.6044201850891113,
                    2.0466225147247314,
                    2.1063544750213623,
                    1.981137990951538,
                    1.5457816123962402,
                    1.3623452186584473,
                    1.3213400840759277
                ],
                "time_per_step": {
                    "total job time": 1.3194284439086914,
                    "schedule": 3.31872,
                    "running": 0.023247718811035156,
                    "compile": 1.6084802150726318
                },
                "iterations": 8
            }
        },
        {
            "shots": "mcp",
            "opt_time": 0.22097349166870117,
            "func_calls": 34,
            "acc": -11.915,
            "time_res": {
                "quantum_runtime": [
                    2.0639455318450928,
                    1.7813420295715332,
                    2.1531403064727783,
                    2.158381938934326,
                    2.693662405014038,
                    1.98408842086792,
                    1.7649133205413818,
                    1.6852302551269531,
                    2.3522753715515137,
                    2.1080169677734375,
                    1.9623513221740723,
                    1.792956829071045,
                    1.690068244934082,
                    1.7907695770263672,
                    1.7487390041351318,
                    1.7064666748046875,
                    1.7960846424102783,
                    1.8188068866729736,
                    1.626704454421997,
                    1.8092269897460938,
                    1.7540254592895508,
                    2.1062512397766113,
                    2.1215412616729736,
                    1.779630422592163,
                    1.9833133220672607,
                    1.7194061279296875,
                    1.6854987144470215,
                    1.913224697113037,
                    1.7102444171905518,
                    1.7791664600372314,
                    1.911480188369751,
                    1.787191390991211,
                    1.3886973857879639,
                    1.5684680938720703
                ],
                "time_per_step": {
                    "total job time": 7.416910409927368,
                    "schedule": 14.108719999999987,
                    "running": 0.12149906158447266,
                    "compile": 7.752769470214844
                },
                "iterations": 34
            }
        },
        {
            "shots": "mcp",