{
    "qfunc": "mcp",
    "backend_tag": "qblox_cluster_threaded",
    "data": [
        {
            "shots": "mcp",
            "opt_time": 2.3140463829040527,
            "func_calls": 8,
            "acc": -5.008,
            "time_res": {
                "quantum_runtime": [
                    1.912410020828247,
                    1.22212553024292,
                    1.2284443378448486,
                    1.2072460651397705,
                    1.2207038402557373,
                    1.2509362697601318,
                    1.2229902744293213,
                    1.3028135299682617
                ],
                "time_per_step": {
                    "total job time": 7.829273223876953,
                    "schedule": 2.7974800000000006,
                    "running": 4.325638055801392,
                    "compile": 0.4278583526611328
                },
                "iterations": 8
            }
        },
        {
            "shots": "mcp",
            "opt_time": 3.4843499660491943,
            "func_calls": 34,
            "acc": -4.981,
            "time_res": {
                "quantum_runtime": [
                    1.2285454273223877,
                    1.2595691680908203,
                    1.2397451400756836,
                    1.2245843410491943,
                    1.2091658115386963,
                    1.322770357131958,
                    1.2272446155548096,
                    1.2258601188659668,
                    1.2008121013641357,
                    1.2430164813995361,
                    1.224241018295288,
                    1.2177653312683105,
                    1.2892615795135498,
                    1.1919887065887451,
                    1.2598955631256104,
                    1.225959300994873,
                    1.204535961151123,
                    1.2262320518493652,
                    1.235973834991455,
                    1.3442773818969727,
                    1.209517478942871,
                    1.2553718090057373,
                    1.247575044631958,
                    1.2168059349060059,
                    1.2431249618530273,
                    1.3386359214782715,
                    1.2377257347106934,
                    1.2357754707336426,
                    1.2532858848571777,
                    1.2327618598937988,
                    1.2346036434173584,
                    1.4603934288024902,
                    1.2260944843292236,
                    1.272125005722046
                ],
                "time_per_step": {
                    "total job time": 37.24706983566284,
                    "schedule": 13.188119999999996,
                    "running": 20.29092240333557,
                    "compile": 1.7475354671478271
                },
                "iterations": 34
            }
        },
        {
            "shots": "mcp",
            "opt_time": 1.7206385135650635,
            "func_calls": 8,
            "acc": -5.009,
            "time_res": {
                "quantum_runtime": [
                    1.232466459274292,
                    1.2330574989318848,
                    1.246643304824829,
                    1.2135255336761475,
                    1.3055329322814941,
                    1.2314975261688232,
                    1.210252046585083,
                    1.2225852012634277
                ],
                "time_per_step": {
                    "total job time": 7.815631866455078,
                    "schedule": 2.7974800000000006,
                    "running": 4.339687347412109,
                    "compile": 0.3627011775970459
                },
                "iterations": 8
            }
        },
        {
            "shots": "mcp",
            "opt_time": 2.204556703567505,
            "func_calls": 8,
            "acc": -4.958,
            "time_res": {
                "quantum_runtime": [
                    1.7189958095550537,
                    1.2627193927764893,
                    1.2990858554840088,
                    1.251190185546875,
                    1.2296407222747803,
                    1.2303340435028076,
                    1.2022278308868408,
                    1.2223551273345947
                ],
                "time_per_step": {
                    "total job time": 7.8640031814575195,
                    "schedule": 2.7974800000000006,
                    "running": 4.309868812561035,
                    "compile": 0.3514857292175293
                },
                "iterations": 8
            }
        },
        {
            "shots": "mcp",
            "opt_time": 1.789543628692627,
            "func_calls": 8,
            "acc": -5.012,
            "time_res": {
                "quantum_runtime": [
                    1.2929818630218506,
                    1.2485854625701904,
                    1.2401926517486572,
                    1.2016756534576416,
                    1.2249629497528076,
                    1.2511217594146729,
                    1.2224109172821045,
                    1.3256354331970215
                ],
                "time_per_step": {
                    "total job time": 7.874578475952148,
                    "schedule": 2.7974800000000006,
                    "running": 4.395831823348999,
                    "compile": 0.34682440757751465
                },
                "iterations": 8
            }
        },
        {
            "shots": "mcp",
            "opt_time": 1.6988601684570312,
            "func_calls": 8,
            "acc": -5.022,
            "time_res": {
                "quantum_runtime": [
                    1.2157416343688965,
                    1.2054390907287598,
                    1.2117598056793213,
                    1.2172911167144775,
                    1.2065598964691162,
                    1.2049973011016846,
                    1.3445329666137695,
                    1.2028131484985352
                ],
                "time_per_step": {
                    "total job time": 7.743659973144531,
                    "schedule": 2.7974800000000006,
                    "running": 4.268138885498047,
                    "compile": 0.3700747489929199
                },
                "iterations": 8
            }
        },
        {
            "shots": "mcp",
            "opt_time": 1.7962183952331543,
            "func_calls": 8,
            "acc": -4.995,
            "time_res": {
                "quantum_runtime": [
                    1.2928962707519531,
                    1.2335474491119385,
                    1.2289233207702637,
                    1.1917498111724854,
                    1.3236207962036133,
                    1.2226617336273193,
                    1.2346124649047852,
                    1.2259700298309326
                ],
                "time_per_step": {
                    "total job time": 7.799886226654053,
                    "schedule": 2.7974800000000006,
                    "running": 4.289923429489136,
                    "compile": 0.3613114356994629
                },
                "iterations": 8
            }
        },
        {
            "shots": "mcp",
            "opt_time": 4.089969158172607,
            "func_calls": 21,
            "acc": -4.954,