{
    "qfunc": "mcp",
    "backend_tag": "qblox_cluster",
    "data": [
        {
            "shots": "mcp",
            "opt_time": 7.29739236831665,
            "func_calls": 5,
            "acc": -0.0,
            "time_res": {
                "quantum_runtime": [
                    3.4264156818389893,
                    3.341630458831787,
                    3.457063674926758,
                    3.300262689590454,
                    3.3310375213623047
                ],
                "time_per_step": {
                    "total job time": 9.032437562942505,
                    "schedule": 1.9982000000000002,
                    "running": 4.376439809799194,
                    "compile": 0.5480682849884033
                },
                "iterations": 5
            }
        },
        {
            "shots": "mcp",
            "opt_time": 7.259720087051392,
            "func_calls": 5,
            "acc": -0.0,
            "time_res": {
                "quantum_runtime": [
                    3.2933576107025146,
                    3.2752842903137207,
                    3.445263147354126,
                    3.3629462718963623,
                    3.2742278575897217
                ],
                "time_per_step": {
                    "total job time": 8.910624027252197,
                    "schedule": 1.9982000000000002,
                    "running": 4.277927398681641,
                    "compile": 0.5036699771881104
                },
                "iterations": 5
            }
        },
        {
            "shots": "mcp",
            "opt_time": 7.499255418777466,
            "func_calls": 5,
            "acc": -0.0,
            "time_res": {
                "quantum_runtime": [
                    3.3149642944335938,
                    3.3340954780578613,
                    3.4417974948883057,
                    3.341177225112915,
                    3.519921064376831
                ],
                "time_per_step": {
                    "total job time": 8.95404839515686,
                    "schedule": 1.9982000000000002,
                    "running": 4.313141345977783,
                    "compile": 0.5195934772491455
                },
                "iterations": 5
            }
        },
        {
            "shots": "mcp",
            "opt_time": 7.352551221847534,
            "func_calls": 5,
            "acc": -0.0,
            "time_res": {
                "quantum_runtime": [
                    3.339815378189087,
                    3.2901599407196045,
                    3.4874508380889893,
                    3.3381142616271973,
                    3.361943006515503
                ],
                "time_per_step": {
                    "total job time": 8.946512460708618,
                    "schedule": 1.9982000000000002,
                    "running": 4.323477268218994,
                    "compile": 0.5386815071105957
                },
                "iterations": 5
            }
        },
        {
            "shots": "mcp",
            "opt_time": 7.332075357437134,
            "func_calls": 5,
            "acc": -0.0,
            "time_res": {
                "quantum_runtime": [
                    3.353628158569336,
                    3.3276939392089844,
                    3.396785020828247,
                    3.415689706802368,
                    3.3662006855010986
                ],
                "time_per_step": {
                    "total job time": 9.033045053482056,
                    "schedule": 1.9982000000000002,
                    "running": 4.347252607345581,
                    "compile": 0.518953800201416
                },
                "iterations": 5
            }
        },
        {
            "shots": "mcp",
            "opt_time": 9.54146957397461,
            "func_calls": 5,
            "acc": -0.0,
            "time_res": {
                "quantum_runtime": [
                    3.9821484088897705,
                    3.339118719100952,
                    3.456439733505249,
                    3.551032304763794,
                    3.5480430126190186
                ],
                "time_per_step": {
                    "total job time": 7.918759822845459,
                    "schedule": 1.9982000000000002,
                    "running": 4.172339677810669,
                    "compile": 0.43927741050720215
                },
                "iterations": 5
            }
        },
        {
            "shots": "mcp",
            "opt_time": 9.441896438598633,
            "func_calls": 5,
            "acc": -0.0,
            "time_res": {
                "quantum_runtime": [
                    3.3460328578948975,
                    3.5132009983062744,
                    3.5137948989868164,
                    3.695773124694824,
                    3.579460620880127
                ],
                "time_per_step": {
                    "total job time": 7.627080202102661,
                    "schedule": 1.9982000000000002,
                    "running": 4.289339542388916,
                    "compile": 0.6087460517883301
                },
                "iterations": 5
            }
        },
        {
            "shots": "mcp",
            "opt_time": 9.5317063331604,
            "func_calls": 5,
            "acc": -0.0,
            "time_res": {
                "quantum_runtime": [
                    3.442405939102173,
                    3.384955644607544,
                    3.4985978603363037,
                    3.5397491455078125,
                    3.3867523670196533
                ],
                "time_per_step": {
                    "total job time": 7.131493806838989,
                    "schedule": 1.9982000000000002,
                    "running": 4.061994552612305,
                    "compile": 0.6131815910339355
                },
                "iterations": 5
            }
        },
        {
            "shots": "mcp",
            "opt_time": 9.273059606552124,
            "func_calls": 5,
            "acc": -0.0,
            "time_res": {
                "quantum_runtime": [
                    3.459519386291504,
                    3.3680520057678223,
                    3.2194697856903076,
                    3.7119128704071045,
                    3.2898340225219727
                ],
                "time_per_step": {
                    "total job time": 7.3322083950042725,
                    "schedule": 1.9982000000000002,
                    "running": 4.141197681427002,
                    "compile": 0.46791982650756836
                },
                "iterations": 5
            }
        },
        {
            "shots": "mcp",
            "opt_time": 8.739771604537964,
            "func_calls": 5,
            "acc": -0.0,
            "time_res": {
                "quantum_runtime": [
                    3.285675048828125,
                    3.3081369400024414,
                    3.220970630645752,
                    3.3970327377319336,
                    3.189417600631714
                ],
                "time_per_step": {
                    "total job time": 7.2481911182403564,
                    "schedule": 1.9982000000000002,
                    "running": 4.0847327709198,
                    "compile": 0.43494486808776855
                },
                "iterations": 5
            }
        },
        {
            "shots": "mcp",
            "opt_time": 8.742768287658691,
            "func_calls": 5,
            "acc": -0.0,
            "time_res": {
                "quantum_runtime": [
                    3.289738893508911,
                    3.2816243171691895,
                    3.248209238052368,
                    3.352022171020508,
                    3.300636053085327
                ],
                "time_per_step": {
                    "total job time": 7.323423385620117,
                    "schedule": 1.9982000000000002,