{
    "qfunc": "mcp",
    "backend_tag": "qblox_dummy_cluster",
    "data": [
        {
            "shots": "mcp",
            "opt_time": 0.06928157806396484,
            "func_calls": 8,
            "acc": -10.035,
            "time_res": {
                "quantum_runtime": [
                    2.4601974487304688,
                    2.754931688308716,
                    2.9797933101654053,
                    2.0488173961639404,
                    2.2228658199310303,
                    2.7818591594696045,
                    2.366133689880371,
                    3.6731584072113037
                ],
                "time_per_step": {
                    "total job time": 3.213956832885742,
                    "schedule": 3.3072000000000004,
                    "running": 0.03583931922912598,
                    "compile": 2.2623276710510254
                },
                "iterations": 8
            }
        }
    ]
}