{
    "qfunc": "mcp",
    "backend_tag": "dummy_cluster",
    "data": [
        {
            "shots": "mcp",
            "func_calls": 8,
            "acc": -2.84,
            "time_res": {
                "quantum_runtime": [
                    0.29569387435913086,
                    0.2917163372039795,
                    0.348146915435791,
                    0.29038071632385254,
                    0.2996513843536377,
                    0.28635668754577637,
                    0.28199148178100586,
                    0.2874021530151367
                ],
                "time_per_step": {
                    "total job time": 0.8404052257537842,
                    "schedule": 2.8187599999999957,
                    "running": 0.009646892547607422,
                    "compile": 0.5932736396789551
                },
                "iterations": 8
            }
        },
        {
            "shots": "mcp",
            "func_calls": 5,
            "acc": -2.572,
            "time_res": {
                "quantum_runtime": [
                    2.255859613418579,
                    1.3465852737426758,
                    1.3649139404296875,
                    1.3397865295410156,
                    1.3467566967010498
                ],
                "time_per_step": {
                    "total job time": 4.757977724075317,
                    "schedule": 1.6107199999999977,
                    "running": 2.562739372253418,
                    "compile": 0.33997344970703125
                },
                "iterations": 5
            }
        }
    ]
}