{
    "qfunc": "mcp",
    "backend_tag": "qblox_cluster_not_threaded",
    "data": [
        {
            "shots": "mcp",
            "opt_time": 2.100937604904175,
            "func_calls": 8,
            "acc": -5.005,
            "time_res": {
                "quantum_runtime": [
                    1.6988861560821533,
                    1.3315000534057617,
                    1.3613598346710205,
                    1.2885074615478516,
                    1.3311748504638672,
                    1.2097344398498535,
                    1.2230374813079834,
                    1.2576987743377686
                ],
                "time_per_step": {
                    "total job time": 8.153139352798462,
                    "schedule": 2.7974800000000006,
                    "running": 4.379364967346191,
                    "compile": 0.4510924816131592
                },
                "iterations": 8
            }
        },
        {
            "shots": "mcp",
            "opt_time": 1.9499802589416504,
            "func_calls": 11,
            "acc": -5.043,
            "time_res": {
                "quantum_runtime": [
                    1.3830242156982422,
                    1.2430620193481445,
                    1.3886401653289795,
                    1.330493688583374,
                    1.2720015048980713,
                    1.3846590518951416,
                    1.2931456565856934,
                    1.4338154792785645,
                    1.316741943359375,
                    1.3298423290252686,
                    1.3929171562194824
                ],
                "time_per_step": {
                    "total job time": 12.222888708114624,
                    "schedule": 3.9964000000000013,
                    "running": 6.485169887542725,
                    "compile": 0.6000375747680664
                },
                "iterations": 11
            }
        },
        {
            "shots": "mcp",
            "opt_time": 2.8890957832336426,
            "func_calls": 24,
            "acc": -5.0,
            "time_res": {
                "quantum_runtime": [
                    1.3574867248535156,
                    1.3443970680236816,
                    1.4653048515319824,
                    1.2581682205200195,
                    1.3493742942810059,
                    1.278486967086792,
                    1.3433856964111328,
                    1.3719096183776855,
                    1.2749431133270264,
                    1.3907196521759033,
                    1.353952169418335,
                    1.300739049911499,
                    1.3657753467559814,
                    1.3658337593078613,
                    1.3069672584533691,
                    1.377591848373413,
                    1.4916434288024902,
                    1.3472535610198975,
                    1.2545876502990723,
                    1.3838303089141846,
                    1.3699936866760254,
                    1.481602430343628,
                    1.287919044494629,
                    1.4010515213012695
                ],
                "time_per_step": {
                    "total job time": 28.433931350708008,
                    "schedule": 9.191719999999998,
                    "running": 14.962252140045166,
                    "compile": 1.211144208908081
                },
                "iterations": 24
            }
        },
        {
            "shots": "mcp",
            "opt_time": 5.693296670913696,
            "func_calls": 61,
            "acc": -5.054,
            "time_res": {
                "quantum_runtime": [
                    1.3385944366455078,
                    1.2835981845855713,
                    1.333664894104004,
                    1.2812037467956543,
                    1.3733487129211426,
                    1.46510910987854,
                    1.3590178489685059,
                    1.2232298851013184,
                    1.2908580303192139,
                    1.3768267631530762,
                    1.3971185684204102,
                    1.3534972667694092,
                    1.389101505279541,
                    1.3115777969360352,
                    1.2619006633758545,
                    1.309948444366455,
                    1.3896665573120117,
                    1.351517915725708,
                    1.2407386302947998,
                    1.3904693126678467,
                    1.365586280822754,
                    1.346036672592163,
                    1.3049259185791016,
                    1.3528289794921875,
                    1.2397260665893555,
                    1.5013055801391602,
                    1.323850154876709,
                    1.3203284740447998,
                    1.3078052997589111,
                    1.398742437362671,
                    1.2909622192382812,
                    1.4424471855163574,
                    1.4165163040161133,
                    1.3146774768829346,
                    1.3746140003204346,
                    1.2834794521331787,
                    1.24104905128479,
                    1.3010435104370117,
                    1.4017724990844727,
                    1.2319667339324951,
                    1.2764077186584473,
                    1.3770740032196045,
                    1.3642253875732422,
                    1.2901406288146973,
                    1.3268795013427734,
                    1.5211219787597656,
                    1.3302693367004395,
                    1.355849027633667,
                    1.377913236618042,
                    1.3718650341033936,
                    1.3121826648712158,
                    1.268423318862915,
                    1.3594870567321777,
                    1.248929738998413,
                    1.34393310546875,
                    1.2198569774627686,
                    1.3052399158477783,
                    1.340487003326416,
                    1.3139967918395996,
                    1.4836835861206055,
                    1.376340627670288
                ],
                "time_per_step": {
                    "total job time": 72.58047342300415,
                    "schedule": 23.978400000000025,
                    "running": 38.269182443618774,
                    "compile": 3.3974852561950684
                },
                "iterations": 61
            }
        },
        {
            "shots": "mcp",
            "opt_time": 1.8063678741455078,
            "func_calls": 8,
            "acc": -5.026,
            "time_res": {
                "quantum_runtime": [
                    1.3624539375305176,
                    1.3342711925506592,
                    1.2298998832702637,
                    1.2329094409942627,
                    1.3966479301452637,
                    1.359299898147583,
                    1.398878574371338,
                    1.2711150646209717
                ],
                "time_per_step": {
                    "total job time": 8.36353325843811,
                    "schedule": 2.7974800000000006,
                    "running": 4.390753269195557,
                    "compile": 0.4188954830169678
                },
                "iterations": 8
            }
        },
        {
            "shots": "mcp",
            "opt_time": 2.118443727493286,
            "func_calls": 11,
            "acc": -5.044,
            "time_res": {
                "quantum_runtime": [
                    1.3454487323760986,
                    1.4472050666809082,
                    1.7437756061553955,
                    1.4198591709136963,
                    1.3494772911071777,
                    1.3319261074066162,
                    1.207817792892456,
                    1.310983419418335,
                    1.2362563610076904,
                    1.2560927867889404,
                    1.351707935333252
                ],
                "time_per_step": {
                    "total job time": 12.37875509262085,